country,iso3,region,year,score,rank,sources,standardError,lowerCi,upperCi
Afghanistan,AFG,AP,2025,16,169,5,4.23,9,23
Albania,ALB,ECA,2025,39,91,7,2.41,35,43
Algeria,DZA,MENA,2025,34,109,8,2.32,30,38
Angola,AGO,SSA,2025,32,120,8,2.53,28,36
Argentina,ARG,AME,2025,36,104,8,2.18,32,40
Armenia,ARM,ECA,2025,46,65,6,2.30,42,50
Australia,AUS,AP,2025,76,12,9,1.43,74,78
Austria,AUT,WE/EU,2025,69,21,8,1.25,67,71
Azerbaijan,AZE,ECA,2025,30,130,7,6.55,19,41
Bahamas,BHS,AME,2025,64,29,3,6.56,53,75
Bahrain,BHR,MENA,2025,50,56,7,6.22,40,60
Bangladesh,BGD,AP,2025,24,150,8,1.50,22,26
Barbados,BRB,AME,2025,68,24,3,3.12,63,73
Belarus,BLR,ECA,2025,31,124,7,3.49,25,37
Belgium,BEL,WE/EU,2025,69,21,8,1.41,67,71
Belize,BLZ,AME,2025,36,104,3,1.92,33,39
Benin,BEN,SSA,2025,45,70,6,3.40,39,51
Bhutan,BTN,AP,2025,71,18,4,2.06,68,74
Bolivia,BOL,AME,2025,28,136,7,3.00,23,33
Bosnia and Herzegovina,BIH,ECA,2025,34,109,7,2.60,30,38
Botswana,BWA,SSA,2025,58,41,9,1.99,55,61
Brazil,BRA,AME,2025,35,107,8,2.76,30,40
Brunei Darussalam,BRN,AP,2025,63,31,3,5.63,54,72
Bulgaria,BGR,WE/EU,2025,40,84,9,1.96,37,43
Burkina Faso,BFA,SSA,2025,40,84,7,2.49,36,44
Burundi,BDI,SSA,2025,17,167,5,3.39,11,23
Cabo Verde,CPV,SSA,2025,62,35,5,4.23,55,69
Cambodia,KHM,AP,2025,20,163,7,3.04,15,25
Cameroon,CMR,SSA,2025,26,142,9,1.69,23,29
Canada,CAN,AME,2025,75,16,8,1.96,72,78
Central African Republic,CAF,SSA,2025,24,150,5,2.09,21,27
Chad,TCD,SSA,2025,22,157,6,3.63,16,28
Chile,CHL,AME,2025,63,31,8,2.33,59,67
China,CHN,AP,2025,43,76,8,1.30,41,45
Colombia,COL,AME,2025,37,99,8,2.22,33,41
Comoros,COM,SSA,2025,20,163,4,8.21,7,33
Congo,COG,SSA,2025,23,153,8,1.69,20,26
Costa Rica,CRI,AME,2025,56,46,7,2.83,51,61
Croatia,HRV,WE/EU,2025,47,63,9,1.83,44,50
Cuba,CUB,AME,2025,40,84,5,2.62,36,44
Cyprus,CYP,WE/EU,2025,55,49,6,2.24,51,59
Czechia,CZE,WE/EU,2025,59,39,10,0.87,58,60
Côte d'Ivoire,CIV,SSA,2025,43,76,9,2.78,38,48
Democratic Republic of the Congo,COD,SSA,2025,20,163,9,1.21,18,22
Denmark,DNK,WE/EU,2025,89,1,8,1.88,86,92
Djibouti,DJI,SSA,2025,31,124,5,1.95,28,34
Dominica,DMA,AME,2025,60,37,3,1.75,57,63
Dominican Republic,DOM,AME,2025,37,99,7,2.93,32,42
Ecuador,ECU,AME,2025,33,116,7,1.87,30,36
Egypt,EGY,MENA,2025,30,130,8,3.27,25,35
El Salvador,SLV,AME,2025,32,120,7,1.48,30,34
Equatorial Guinea,GNQ,SSA,2025,15,172,5,2.46,11,19
Eritrea,ERI,SSA,2025,13,177,5,5.35,4,22
Estonia,EST,WE/EU,2025,76,12,10,1.07,74,78
Eswatini,SWZ,SSA,2025,23,153,5,4.66,15,31
Ethiopia,ETH,SSA,2025,38,96,8,1.36,36,40
Fiji,FJI,AP,2025,55,49,3,2.02,52,58
Finland,FIN,WE/EU,2025,88,2,8,1.81,85,91
France,FRA,WE/EU,2025,66,27,8,1.83,63,69
Gabon,GAB,SSA,2025,29,135,8,1.30,27,31
Gambia,GMB,SSA,2025,37,99,8,2.50,33,41
Georgia,GEO,ECA,2025,50,56,6,4.31,43,57
Germany,DEU,WE/EU,2025,77,10,8,1.85,74,80
Ghana,GHA,SSA,2025,43,76,10,1.54,40,46
Greece,GRC,WE/EU,2025,50,56,8,1.65,47,53
Grenada,GRD,AME,2025,56,46,3,4.88,48,64
Guatemala,GTM,AME,2025,26,142,7,1.13,24,28
Guinea,GIN,SSA,2025,26,142,7,1.60,23,29
Guinea-Bissau,GNB,SSA,2025,21,161,6,4.30,14,28
Guyana,GUY,AME,2025,40,84,5,1.80,37,43
Haiti,HTI,AME,2025,16,169,6,2.17,12,20
Honduras,HND,AME,2025,22,157,8,0.87,21,23
Hong Kong,HKG,AP,2025,76,12,8,2.42,72,80
Hungary,HUN,WE/EU,2025,40,84,10,0.87,39,41
Iceland,ISL,WE/EU,2025,77,10,5,3.96,71,83
India,IND,AP,2025,39,91,9,1.45,37,41
Indonesia,IDN,AP,2025,34,109,9,2.34,30,38
Iran,IRN,MENA,2025,23,153,7,2.02,20,26
Iraq,IRQ,MENA,2025,28,136,6,5.21,19,37
Ireland,IRL,WE/EU,2025,76,12,8,1.28,74,78
Israel,ISR,MENA,2025,62,35,5,2.60,58,66
Italy,ITA,WE/EU,2025,53,52,8,1.75,50,56
Jamaica,JAM,AME,2025,44,73,6,3.61,38,50
Japan,JPN,AP,2025,71,18,9,2.49,67,75
Jordan,JOR,MENA,2025,50,56,8,3.24,45,55
Kazakhstan,KAZ,ECA,2025,38,96,9,3.53,32,44
Kenya,KEN,SSA,2025,30,130,10,1.73,27,33
Kosovo,KSV,ECA,2025,43,76,7,2.23,39,47
Kuwait,KWT,MENA,2025,46,65,8,2.09,43,49
Kyrgyzstan,KGZ,ECA,2025,26,142,7,2.09,23,29
Laos,LAO,AP,2025,34,109,5,5.12,26,42
Latvia,LVA,WE/EU,2025,60,37,10,2.11,57,63
Lebanon,LBN,MENA,2025,23,153,6,1.69,20,26
Lesotho,LSO,SSA,2025,37,99,6,4.31,30,44
Liberia,LBR,SSA,2025,28,136,8,2.16,24,32
Libya,LBY,MENA,2025,13,177,6,2.64,9,17
Lithuania,LTU,WE/EU,2025,65,28,10,1.61,62,68
Luxembourg,LUX,WE/EU,2025,78,8,7,2.19,74,82
Madagascar,MDG,SSA,2025,25,148,7,1.45,23,27
Malawi,MWI,SSA,2025,34,109,9,1.54,31,37
Malaysia,MYS,AP,2025,52,54,9,1.29,50,54
Maldives,MDV,AP,2025,39,91,3,3.73,33,45
Mali,MLI,SSA,2025,28,136,8,2.15,24,32
Malta,MLT,WE/EU,2025,49,60,6,3.25,44,54
Mauritania,MRT,SSA,2025,30,130,6,2.36,26,34
Mauritius,MUS,SSA,2025,48,61,7,1.51,46,50
Mexico,MEX,AME,2025,27,141,8,1.49,25,29
Moldova,MDA,ECA,2025,42,80,7,1.76,39,45
Mongolia,MNG,AP,2025,31,124,8,1.02,29,33
Montenegro,MNE,ECA,2025,46,65,5,2.95,41,51
Morocco,MAR,MENA,2025,39,91,8,1.85,36,42
Mozambique,MOZ,SSA,2025,21,161,9,1.80,18,24
Myanmar,MMR,AP,2025,16,169,7,1.92,13,19
Namibia,NAM,SSA,2025,46,65,9,2.02,43,49
Nepal,NPL,AP,2025,34,109,6,0.92,32,36
Netherlands,NLD,WE/EU,2025,78,8,8,2.40,74,82
New Zealand,NZL,AP,2025,81,4,8,2.04,78,84
Nicaragua,NIC,AME,2025,14,175,7,1.47,12,16
Niger,NER,SSA,2025,31,124,7,1.95,28,34
Nigeria,NGA,SSA,2025,26,142,10,1.47,24,28
North Korea,PRK,AP,2025,15,172,4,4.13,8,22
North Macedonia,MKD,ECA,2025,40,84,7,2.42,36,44
Norway,NOR,WE/EU,2025,81,4,8,1.62,78,84
Oman,OMN,MENA,2025,52,54,7,5.54,43,61
Pakistan,PAK,AP,2025,28,136,8,1.73,25,31
Panama,PAN,AME,2025,33,116,7,1.52,31,35
Papua New Guinea,PNG,AP,2025,26,142,6,2.52,22,30
Paraguay,PRY,AME,2025,24,150,7,2.29,20,28
Peru,PER,AME,2025,30,130,8,2.19,26,34
Philippines,PHL,AP,2025,32,120,9,2.14,28,36
Poland,POL,WE/EU,2025,53,52,10,2.03,50,56
Portugal,PRT,WE/EU,2025,56,46,8,2.27,52,60
Qatar,QAT,MENA,2025,58,41,8,3.37,52,64
Romania,ROU,WE/EU,2025,45,70,9,1.37,43,47
Russia,RUS,ECA,2025,22,157,7,1.48,20,24
Rwanda,RWA,SSA,2025,58,41,7,2.78,53,63
Saint Lucia,LCA,AME,2025,59,39,3,7.92,46,72
Saint Vincent and the Grenadines,VCT,AME,2025,63,31,3,1.95,60,66
Sao Tome and Principe,STP,SSA,2025,45,70,4,5.38,36,54
Saudi Arabia,SAU,MENA,2025,57,45,7,3.84,51,63
Senegal,SEN,SSA,2025,46,65,9,1.17,44,48
Serbia,SRB,ECA,2025,33,116,7,2.01,30,36
Seychelles,SYC,SSA,2025,68,24,4,2.35,64,72
Sierra Leone,SLE,SSA,2025,34,109,8,2.01,31,37
Singapore,SGP,AP,2025,84,3,9,1.52,82,86
Slovakia,SVK,WE/EU,2025,48,61,9,2.82,43,53
Slovenia,SVN,WE/EU,2025,58,41,10,1.74,55,61
Solomon Islands,SLB,AP,2025,44,73,3,6.89,33,55
Somalia,SOM,SSA,2025,9,181,6,2.26,5,13
South Africa,ZAF,SSA,2025,41,81,9,2.39,37,45
South Korea,KOR,AP,2025,63,31,9,1.52,61,65
South Sudan,SSD,SSA,2025,9,181,5,2.56,5,13
Spain,ESP,WE/EU,2025,55,49,8,2.54,51,59
Sri Lanka,LKA,AP,2025,35,107,8,1.22,33,37
Sudan,SDN,SSA,2025,14,175,8,1.94,11,17
Suriname,SUR,AME,2025,38,96,5,5.28,29,47
Sweden,SWE,WE/EU,2025,80,6,8,2.53,76,84
Switzerland,CHE,WE/EU,2025,80,6,7,2.19,76,84
Syria,SYR,MENA,2025,15,172,5,2.52,11,19
Taiwan,TWN,AP,2025,68,24,8,1.71,65,71
Tajikistan,TJK,ECA,2025,19,166,5,1.78,16,22
Tanzania,TZA,SSA,2025,40,84,9,1.84,37,43
Thailand,THA,AP,2025,33,116,9,1.00,31,35
Timor-Leste,TLS,AP,2025,44,73,4,5.13,36,52
Togo,TGO,SSA,2025,32,120,7,1.47,30,34
Trinidad and Tobago,TTO,AME,2025,41,81,6,4.44,34,48
Tunisia,TUN,MENA,2025,39,91,8,1.32,37,41
Turkey,TUR,ECA,2025,31,124,8,2.04,28,34
Turkmenistan,TKM,ECA,2025,17,167,5,0.81,16,18
Uganda,UGA,SSA,2025,25,148,8,1.22,23,27
Ukraine,UKR,ECA,2025,36,104,8,2.40,32,40
United Arab Emirates,ARE,MENA,2025,69,21,8,2.25,65,73
United Kingdom,GBR,WE/EU,2025,70,20,8,1.58,67,73
United States of America,USA,AME,2025,64,29,9,2.64,60,68
Uruguay,URY,AME,2025,73,17,7,1.32,71,75
Uzbekistan,UZB,ECA,2025,31,124,8,2.73,27,35
Vanuatu,VUT,AP,2025,47,63,3,4.27,40,54
Venezuela,VEN,AME,2025,10,180,8,1.01,8,12
Vietnam,VNM,AP,2025,41,81,8,1.72,38,44
Yemen,YEM,MENA,2025,13,177,7,1.83,10,16
Zambia,ZMB,SSA,2025,37,99,9,1.36,35,39
Zimbabwe,ZWE,SSA,2025,22,157,9,0.74,21,23
Afghanistan,AFG,AP,2024,17,165,5,5.76,8,26
Albania,ALB,ECA,2024,42,80,8,3.03,37,47
Algeria,DZA,MENA,2024,34,107,8,2.64,30,38
Angola,AGO,SSA,2024,32,121,8,2.80,27,37
Argentina,ARG,AME,2024,37,99,8,3.01,32,42
Armenia,ARM,ECA,2024,47,63,6,2.50,43,51
Australia,AUS,AP,2024,77,10,9,1.67,74,80
Austria,AUT,WE/EU,2024,67,25,8,1.92,64,70
Azerbaijan,AZE,ECA,2024,22,154,6,2.38,18,26
Bahamas,BHS,AME,2024,65,28,3,6.24,55,75
Bahrain,BHR,MENA,2024,53,53,7,6.44,42,64
Bangladesh,BGD,AP,2024,23,151,8,1.46,21,25
Barbados,BRB,AME,2024,68,23,3,3.12,63,73
Belarus,BLR,ECA,2024,33,114,7,3.18,28,38
Belgium,BEL,WE/EU,2024,69,22,8,1.66,66,72
Benin,BEN,SSA,2024,45,69,6,3.40,39,51
Bhutan,BTN,AP,2024,72,18,4,1.64,69,75
Bolivia,BOL,AME,2024,28,133,7,3.10,23,33
Bosnia and Herzegovina,BIH,ECA,2024,33,114,7,2.04,30,36
Botswana,BWA,SSA,2024,57,43,9,2.41,53,61
Brazil,BRA,AME,2024,34,107,8,2.41,30,38
Bulgaria,BGR,WE/EU,2024,43,76,9,1.92,40,46
Burkina Faso,BFA,SSA,2024,41,82,7,2.30,37,45
Burundi,BDI,SSA,2024,17,165,5,3.37,11,23
Cabo Verde,CPV,SSA,2024,62,35,5,3.86,56,68
Cambodia,KHM,AP,2024,21,158,7,2.86,16,26
Cameroon,CMR,SSA,2024,26,140,9,1.76,23,29
Canada,CAN,AME,2024,75,15,8,1.95,72,78
Central African Republic,CAF,SSA,2024,24,149,5,1.57,21,27
Chad,TCD,SSA,2024,21,158,6,3.01,16,26
Chile,CHL,AME,2024,63,32,8,2.30,59,67
China,CHN,AP,2024,43,76,8,1.64,40,46
Colombia,COL,AME,2024,39,92,8,2.59,35,43
Comoros,COM,SSA,2024,21,158,4,8.21,8,34
Congo,COG,SSA,2024,23,151,8,1.70,20,26
Costa Rica,CRI,AME,2024,58,42,7,3.08,53,63
Croatia,HRV,WE/EU,2024,47,63,9,1.87,44,50
Cuba,CUB,AME,2024,41,82,5,3.09,36,46
Cyprus,CYP,WE/EU,2024,56,46,7,2.48,52,60
Czechia,CZE,WE/EU,2024,56,46,10,1.39,54,58
Côte d'Ivoire,CIV,SSA,2024,45,69,9,2.48,41,49
Democratic Republic of the Congo,COD,SSA,2024,20,163,8,1.63,17,23
Denmark,DNK,WE/EU,2024,90,1,8,1.98,87,93
Djibouti,DJI,SSA,2024,31,127,5,1.98,28,34
Dominica,DMA,AME,2024,60,36,3,1.74,57,63
Dominican Republic,DOM,AME,2024,36,104,7,2.33,32,40
Ecuador,ECU,AME,2024,32,121,7,2.34,28,36
Egypt,EGY,MENA,2024,30,130,8,3.62,24,36
El Salvador,SLV,AME,2024,30,130,7,1.01,28,32
Equatorial Guinea,GNQ,SSA,2024,13,173,5,2.54,9,17
Eritrea,ERI,SSA,2024,13,173,5,5.51,4,22
Estonia,EST,WE/EU,2024,76,13,10,1.09,74,78
Eswatini,SWZ,SSA,2024,27,135,4,3.50,21,33
Ethiopia,ETH,SSA,2024,37,99,8,1.38,35,39
Fiji,FJI,AP,2024,55,50,3,2.03,52,58
Finland,FIN,WE/EU,2024,88,2,8,1.83,85,91
France,FRA,WE/EU,2024,67,25,8,1.61,64,70
Gabon,GAB,SSA,2024,27,135,8,1.38,25,29
Gambia,GMB,SSA,2024,38,96,7,3.19,33,43
Georgia,GEO,ECA,2024,53,53,6,4.06,46,60
Germany,DEU,WE/EU,2024,75,15,8,1.36,73,77
Ghana,GHA,SSA,2024,42,80,10,1.69,39,45
Greece,GRC,WE/EU,2024,49,59,8,1.94,46,52
Grenada,GRD,AME,2024,56,46,3,4.95,48,64
Guatemala,GTM,AME,2024,25,146,7,1.50,23,27
Guinea,GIN,SSA,2024,28,133,7,1.13,26,30
Guinea-Bissau,GNB,SSA,2024,21,158,6,4.30,14,28
Guyana,GUY,AME,2024,39,92,5,1.58,36,42
Haiti,HTI,AME,2024,16,168,6,2.13,12,20
Honduras,HND,AME,2024,22,154,8,1.02,20,24
Hong Kong,HKG,AP,2024,74,17,7,2.62,70,78
Hungary,HUN,WE/EU,2024,41,82,10,0.89,40,42
Iceland,ISL,WE/EU,2024,77,10,6,2.60,73,81
India,IND,AP,2024,38,96,9,1.32,36,40
Indonesia,IDN,AP,2024,37,99,9,2.16,33,41
Iran,IRN,MENA,2024,23,151,7,2.22,19,27
Iraq,IRQ,MENA,2024,26,140,6,4.44,19,33
Ireland,IRL,WE/EU,2024,77,10,8,1.55,74,80
Israel,ISR,MENA,2024,64,30,7,2.90,59,69
Italy,ITA,WE/EU,2024,54,52,8,1.67,51,57
Jamaica,JAM,AME,2024,44,73,7,2.78,39,49
Japan,JPN,AP,2024,71,20,9,2.58,67,75
Jordan,JOR,MENA,2024,49,59,8,3.48,43,55
Kazakhstan,KAZ,ECA,2024,40,88,9,3.11,35,45
Kenya,KEN,SSA,2024,32,121,9,2.08,29,35
Kosovo,KSV,ECA,2024,44,73,6,2.47,40,48
Kuwait,KWT,MENA,2024,46,65,8,1.65,43,49
Kyrgyzstan,KGZ,ECA,2024,25,146,7,1.61,22,28
Laos,LAO,AP,2024,33,114,5,5.06,25,41
Latvia,LVA,WE/EU,2024,59,38,10,2.09,56,62
Lebanon,LBN,MENA,2024,22,154,6,1.08,20,24
Lesotho,LSO,SSA,2024,37,99,6,4.13,30,44
Liberia,LBR,SSA,2024,27,135,8,2.01,24,30
Libya,LBY,MENA,2024,13,173,6,2.63,9,17
Lithuania,LTU,WE/EU,2024,63,32,9,1.66,60,66
Luxembourg,LUX,WE/EU,2024,81,5,7,2.00,78,84
Madagascar,MDG,SSA,2024,26,140,7,1.38,24,28
Malawi,MWI,SSA,2024,34,107,9,1.42,32,36
Malaysia,MYS,AP,2024,50,57,9,1.10,48,52
Maldives,MDV,AP,2024,38,96,3,2.85,33,43
Mali,MLI,SSA,2024,27,135,8,2.31,23,31
Malta,MLT,WE/EU,2024,46,65,6,3.43,40,52
Mauritania,MRT,SSA,2024,30,130,6,2.29,26,34
Mauritius,MUS,SSA,2024,51,56,7,2.53,47,55
Mexico,MEX,AME,2024,26,140,8,1.66,23,29
Moldova,MDA,ECA,2024,43,76,7,2.25,39,47
Mongolia,MNG,AP,2024,33,114,8,1.38,31,35
Montenegro,MNE,ECA,2024,46,65,5,3.03,41,51
Morocco,MAR,MENA,2024,37,99,8,1.55,34,40
Mozambique,MOZ,SSA,2024,25,146,8,2.39,21,29
Myanmar,MMR,AP,2024,16,168,7,2.01,13,19
Namibia,NAM,SSA,2024,49,59,8,1.61,46,52
Nepal,NPL,AP,2024,34,107,6,0.94,32,36
Netherlands,NLD,WE/EU,2024,78,9,8,2.34,74,82
New Zealand,NZL,AP,2024,83,4,8,1.77,80,86
Nicaragua,NIC,AME,2024,14,172,7,1.44,12,16
Niger,NER,SSA,2024,34,107,7,2.03,31,37
Nigeria,NGA,SSA,2024,26,140,10,1.45,24,28
North Korea,PRK,AP,2024,15,170,4,4.12,8,22
North Macedonia,MKD,ECA,2024,40,88,7,2.73,36,44
Norway,NOR,WE/EU,2024,81,5,8,1.65,78,84
Oman,OMN,MENA,2024,55,50,6,6.49,44,66
Pakistan,PAK,AP,2024,27,135,8,1.99,24,30
Panama,PAN,AME,2024,33,114,7,1.44,31,35
Papua New Guinea,PNG,AP,2024,31,127,6,1.42,29,33
Paraguay,PRY,AME,2024,24,149,7,2.33,20,28
Peru,PER,AME,2024,31,127,8,2.26,27,35
Philippines,PHL,AP,2024,33,114,9,1.81,30,36
Poland,POL,WE/EU,2024,53,53,10,1.84,50,56
Portugal,PRT,WE/EU,2024,57,43,8,1.63,54,60
Qatar,QAT,MENA,2024,59,38,7,4.33,52,66
Romania,ROU,WE/EU,2024,46,65,8,2.00,43,49
Russia,RUS,ECA,2024,22,154,7,1.55,19,25
Rwanda,RWA,SSA,2024,57,43,7,2.63,53,61
Saint Lucia,LCA,AME,2024,59,38,3,7.91,46,72
Saint Vincent and the Grenadines,VCT,AME,2024,63,32,3,1.94,60,66
Sao Tome and Principe,STP,SSA,2024,45,69,4,5.38,36,54
Saudi Arabia,SAU,MENA,2024,59,38,7,4.18,52,66
Senegal,SEN,SSA,2024,45,69,9,1.41,43,47
Serbia,SRB,ECA,2024,35,105,8,1.37,33,37
Seychelles,SYC,SSA,2024,72,18,4,3.97,65,79
Sierra Leone,SLE,SSA,2024,33,114,9,2.17,29,37
Singapore,SGP,AP,2024,84,3,9,1.48,82,86
Slovakia,SVK,WE/EU,2024,49,59,10,2.29,45,53
Slovenia,SVN,WE/EU,2024,60,36,10,1.78,57,63
Solomon Islands,SLB,AP,2024,43,76,3,7.48,31,55
Somalia,SOM,SSA,2024,9,179,6,2.30,5,13
South Africa,ZAF,SSA,2024,41,82,9,2.43,37,45
South Korea,KOR,AP,2024,64,30,9,1.00,62,66
South Sudan,SSD,SSA,2024,8,180,5,2.09,5,11
Spain,ESP,WE/EU,2024,56,46,8,2.43,52,60
Sri Lanka,LKA,AP,2024,32,121,8,1.63,29,35
Sudan,SDN,SSA,2024,15,170,8,1.90,12,18
Suriname,SUR,AME,2024,40,88,4,5.66,31,49
Sweden,SWE,WE/EU,2024,80,8,8,2.48,76,84
Switzerland,CHE,WE/EU,2024,81,5,7,1.81,78,84
Syria,SYR,MENA,2024,12,177,5,1.83,9,15
Taiwan,TWN,AP,2024,67,25,7,2.05,64,70
Tajikistan,TJK,ECA,2024,19,164,5,1.76,16,22
Tanzania,TZA,SSA,2024,41,82,9,2.15,37,45
Thailand,THA,AP,2024,34,107,9,0.65,33,35
Timor-Leste,TLS,AP,2024,44,73,4,5.12,36,52
Togo,TGO,SSA,2024,32,121,7,1.38,30,34
Trinidad and Tobago,TTO,AME,2024,41,82,6,4.44,34,48
Tunisia,TUN,MENA,2024,39,92,8,1.24,37,41
Turkey,TUR,ECA,2024,34,107,8,1.74,31,37
Turkmenistan,TKM,ECA,2024,17,165,5,0.89,16,18
Uganda,UGA,SSA,2024,26,140,8,1.19,24,28
Ukraine,UKR,ECA,2024,35,105,8,2.09,32,38
United Arab Emirates,ARE,MENA,2024,68,23,8,2.16,64,72
United Kingdom,GBR,WE/EU,2024,71,20,8,2.05,68,74
United States of America,USA,AME,2024,65,28,9,2.18,61,69
Uruguay,URY,AME,2024,76,13,7,1.46,74,78
Uzbekistan,UZB,ECA,2024,32,121,9,2.41,28,36
Vanuatu,VUT,AP,2024,50,57,3,1.82,47,53
Venezuela,VEN,AME,2024,10,178,8,1.27,8,12
Vietnam,VNM,AP,2024,40,88,8,1.58,37,43
Yemen,YEM,MENA,2024,13,173,7,1.72,10,16
Zambia,ZMB,SSA,2024,39,92,9,1.76,36,42
Zimbabwe,ZWE,SSA,2024,21,158,9,0.91,20,22
Afghanistan,AFG,AP,2023,20,162,5,6.24,10,30
Albania,ALB,ECA,2023,37,98,7,1.56,34,40
Algeria,DZA,MENA,2023,36,104,7,2.33,32,40
Angola,AGO,SSA,2023,33,121,7,2.81,28,38
Argentina,ARG,AME,2023,37,98,8,2.05,34,40
Armenia,ARM,ECA,2023,47,62,6,2.54,43,51
Australia,AUS,AP,2023,75,14,9,1.52,73,77
Austria,AUT,WE/EU,2023,71,20,8,1.37,69,73
Azerbaijan,AZE,ECA,2023,23,154,6,2.46,19,27
Bahamas,BHS,AME,2023,64,30,3,5.47,55,73
Bahrain,BHR,MENA,2023,42,76,6,5.33,33,51
Bangladesh,BGD,AP,2023,24,149,8,1.51,22,26
Barbados,BRB,AME,2023,69,24,3,3.37,63,75
Belarus,BLR,ECA,2023,37,98,7,3.34,32,42
Belgium,BEL,WE/EU,2023,73,16,8,2.13,70,76
Benin,BEN,SSA,2023,43,70,6,3.13,38,48
Bhutan,BTN,AP,2023,68,26,4,2.18,64,72
Bolivia,BOL,AME,2023,29,133,7,2.31,25,33
Bosnia and Herzegovina,BIH,ECA,2023,35,108,6,1.95,32,38
Botswana,BWA,SSA,2023,59,39,7,3.04,54,64
Brazil,BRA,AME,2023,36,104,8,1.47,34,38
Bulgaria,BGR,WE/EU,2023,45,67,10,1.16,43,47
Burkina Faso,BFA,SSA,2023,41,83,7,1.78,38,44
Burundi,BDI,SSA,2023,20,162,5,1.80,17,23
Cabo Verde,CPV,SSA,2023,64,30,3,3.05,59,69
Cambodia,KHM,AP,2023,22,158,7,2.90,17,27
Cameroon,CMR,SSA,2023,27,140,9,1.65,24,30
Canada,CAN,AME,2023,76,12,8,1.73,73,79
Central African Republic,CAF,SSA,2023,24,149,5,0.99,22,26
Chad,TCD,SSA,2023,20,162,6,2.16,16,24
Chile,CHL,AME,2023,66,29,9,1.54,63,69
China,CHN,AP,2023,42,76,8,1.64,39,45
Colombia,COL,AME,2023,40,87,8,1.42,38,42
Comoros,COM,SSA,2023,20,162,4,5.51,11,29
Congo,COG,SSA,2023,22,158,7,1.47,20,24
Costa Rica,CRI,AME,2023,55,45,7,2.90,50,60
Croatia,HRV,WE/EU,2023,50,57,9,1.25,48,52
Cuba,CUB,AME,2023,42,76,5,3.46,36,48
Cyprus,CYP,WE/EU,2023,53,49,8,2.21,49,57
Czechia,CZE,WE/EU,2023,57,41,10,1.26,55,59
Côte d'Ivoire,CIV,SSA,2023,40,87,9,1.89,37,43
Democratic Republic of the Congo,COD,SSA,2023,20,162,9,1.08,18,22
Denmark,DNK,WE/EU,2023,90,1,8,1.82,87,93
Djibouti,DJI,SSA,2023,30,130,5,1.71,27,33
Dominica,DMA,AME,2023,56,42,3,1.91,53,59
Dominican Republic,DOM,AME,2023,35,108,7,1.62,32,38
Ecuador,ECU,AME,2023,34,115,7,1.48,32,36
Egypt,EGY,MENA,2023,35,108,7,3.75,29,41
El Salvador,SLV,AME,2023,31,126,7,1.26,29,33
Equatorial Guinea,GNQ,SSA,2023,17,172,4,2.57,13,21
Eritrea,ERI,SSA,2023,21,161,5,4.73,13,29
Estonia,EST,WE/EU,2023,76,12,10,1.06,74,78
Eswatini,SWZ,SSA,2023,30,130,3,5.90,20,40
Ethiopia,ETH,SSA,2023,37,98,8,1.20,35,39
Fiji,FJI,AP,2023,52,53,3,4.15,45,59
Finland,FIN,WE/EU,2023,87,2,8,1.06,85,89
France,FRA,WE/EU,2023,71,20,8,0.43,70,72
Gabon,GAB,SSA,2023,28,136,6,2.32,24,32
Gambia,GMB,SSA,2023,37,98,7,3.34,32,42
Georgia,GEO,ECA,2023,53,49,6,3.99,46,60
Germany,DEU,WE/EU,2023,78,9,8,2.14,74,82
Ghana,GHA,SSA,2023,43,70,9,1.47,41,45
Greece,GRC,WE/EU,2023,49,59,8,2.21,45,53
Grenada,GRD,AME,2023,53,49,3,3.74,47,59
Guatemala,GTM,AME,2023,23,154,7,1.36,21,25
Guinea,GIN,SSA,2023,26,141,7,1.69,23,29
Guinea-Bissau,GNB,SSA,2023,22,158,6,2.93,17,27
Guyana,GUY,AME,2023,40,87,5,2.31,36,44
Haiti,HTI,AME,2023,17,172,6,1.32,15,19
Honduras,HND,AME,2023,23,154,8,0.53,22,24
Hong Kong,HKG,AP,2023,75,14,8,2.18,71,79
Hungary,HUN,WE/EU,2023,42,76,10,1.30,40,44
Iceland,ISL,WE/EU,2023,72,19,7,3.54,66,78
India,IND,AP,2023,39,93,9,1.26,37,41
Indonesia,IDN,AP,2023,34,115,8,1.80,31,37
Iran,IRN,MENA,2023,24,149,6,2.63,20,28
Iraq,IRQ,MENA,2023,23,154,5,4.14,16,30
Ireland,IRL,WE/EU,2023,77,11,8,1.17,75,79
Israel,ISR,MENA,2023,62,33,6,2.45,58,66
Italy,ITA,WE/EU,2023,56,42,8,1.66,53,59
Jamaica,JAM,AME,2023,44,69,7,3.06,39,49
Japan,JPN,AP,2023,73,16,9,1.75,70,76
Jordan,JOR,MENA,2023,46,63,7,2.87,41,51
Kazakhstan,KAZ,ECA,2023,39,93,9,3.20,34,44
Kenya,KEN,SSA,2023,31,126,9,1.54,28,34
Kosovo,KSV,ECA,2023,41,83,6,2.36,37,45
Kuwait,KWT,MENA,2023,46,63,8,1.66,43,49
Kyrgyzstan,KGZ,ECA,2023,26,141,7,1.69,23,29
Laos,LAO,AP,2023,28,136,4,2.44,24,32
Latvia,LVA,WE/EU,2023,60,36,9,1.76,57,63
Lebanon,LBN,MENA,2023,24,149,6,1.12,22,26
Lesotho,LSO,SSA,2023,39,93,5,4.65,31,47
Liberia,LBR,SSA,2023,25,145,7,1.64,22,28
Libya,LBY,MENA,2023,18,170,5,1.83,15,21
Lithuania,LTU,WE/EU,2023,61,34,10,1.25,59,63
Luxembourg,LUX,WE/EU,2023,78,9,8,1.06,76,80
Madagascar,MDG,SSA,2023,25,145,7,1.53,22,28
Malawi,MWI,SSA,2023,34,115,9,1.42,32,36
Malaysia,MYS,AP,2023,50,57,9,0.97,48,52
Maldives,MDV,AP,2023,39,93,3,4.17,32,46
Mali,MLI,SSA,2023,28,136,8,1.49,26,30
Malta,MLT,WE/EU,2023,51,55,7,2.42,47,55
Mauritania,MRT,SSA,2023,30,130,6,1.65,27,33
Mauritius,MUS,SSA,2023,51,55,6,2.04,48,54
Mexico,MEX,AME,2023,31,126,9,1.56,28,34
Moldova,MDA,ECA,2023,42,76,7,2.10,39,45
Mongolia,MNG,AP,2023,33,121,7,1.05,31,35
Montenegro,MNE,ECA,2023,46,63,5,2.55,42,50
Morocco,MAR,MENA,2023,38,97,7,1.70,35,41
Mozambique,MOZ,SSA,2023,25,145,8,1.91,22,28
Myanmar,MMR,AP,2023,20,162,7,2.29,16,24
Namibia,NAM,SSA,2023,49,59,6,2.84,44,54
Nepal,NPL,AP,2023,35,108,6,0.74,34,36
Netherlands,NLD,WE/EU,2023,79,8,8,2.10,76,82
New Zealand,NZL,AP,2023,85,3,8,1.92,82,88
Nicaragua,NIC,AME,2023,17,172,7,0.96,15,19
Niger,NER,SSA,2023,32,125,7,1.50,30,34
Nigeria,NGA,SSA,2023,25,145,8,1.64,22,28
North Korea,PRK,AP,2023,17,172,4,3.78,11,23
North Macedonia,MKD,ECA,2023,42,76,6,2.88,37,47
Norway,NOR,WE/EU,2023,84,4,7,1.38,82,86
Oman,OMN,MENA,2023,43,70,5,5.32,34,52
Pakistan,PAK,AP,2023,29,133,8,2.09,26,32
Panama,PAN,AME,2023,35,108,7,1.17,33,37
Papua New Guinea,PNG,AP,2023,29,133,6,1.76,26,32
Paraguay,PRY,AME,2023,28,136,6,1.84,25,31
Peru,PER,AME,2023,33,121,8,1.40,31,35
Philippines,PHL,AP,2023,34,115,9,1.21,32,36
Poland,POL,WE/EU,2023,54,47,10,1.36,52,56
Portugal,PRT,WE/EU,2023,61,34,8,1.75,58,64
Qatar,QAT,MENA,2023,58,40,6,4.90,50,66
Romania,ROU,WE/EU,2023,46,63,10,0.91,45,47
Russia,RUS,ECA,2023,26,141,7,1.47,24,28
Rwanda,RWA,SSA,2023,53,49,6,2.19,49,57
Saint Lucia,LCA,AME,2023,55,45,3,3.70,49,61
Saint Vincent and the Grenadines,VCT,AME,2023,60,36,3,4.26,53,67
Sao Tome and Principe,STP,SSA,2023,45,67,4,4.82,37,53
Saudi Arabia,SAU,MENA,2023,52,53,6,5.28,43,61
Senegal,SEN,SSA,2023,43,70,9,1.35,41,45
Serbia,SRB,ECA,2023,36,104,8,1.26,34,38
Seychelles,SYC,SSA,2023,71,20,3,0.37,70,72
Sierra Leone,SLE,SSA,2023,35,108,8,2.14,31,39
Singapore,SGP,AP,2023,83,5,9,1.15,81,85
Slovakia,SVK,WE/EU,2023,54,47,9,1.67,51,57
Slovenia,SVN,WE/EU,2023,56,42,10,1.04,54,58
Solomon Islands,SLB,AP,2023,43,70,3,7.43,31,55
Somalia,SOM,SSA,2023,11,180,6,2.08,8,14
South Africa,ZAF,SSA,2023,41,83,8,2.08,38,44
South Korea,KOR,AP,2023,63,32,10,1.25,61,65
South Sudan,SSD,SSA,2023,13,177,5,1.33,11,15
Spain,ESP,WE/EU,2023,60,36,8,2.36,56,64
Sri Lanka,LKA,AP,2023,34,115,8,0.62,33,35
Sudan,SDN,SSA,2023,20,162,8,3.13,15,25
Suriname,SUR,AME,2023,40,87,4,5.91,30,50
Sweden,SWE,WE/EU,2023,82,6,8,2.28,78,86
Switzerland,CHE,WE/EU,2023,82,6,7,1.74,79,85
Syria,SYR,MENA,2023,13,177,5,1.58,10,16
Taiwan,TWN,AP,2023,67,28,8,1.53,64,70
Tajikistan,TJK,ECA,2023,20,162,5,0.78,19,21
Tanzania,TZA,SSA,2023,40,87,9,2.20,36,44
Thailand,THA,AP,2023,35,108,9,0.88,34,36
Timor-Leste,TLS,AP,2023,43,70,4,5.19,34,52
Togo,TGO,SSA,2023,31,126,7,1.15,29,33
Trinidad and Tobago,TTO,AME,2023,42,76,6,4.87,34,50
Tunisia,TUN,MENA,2023,40,87,7,1.70,37,43
Turkey,TUR,ECA,2023,34,115,9,1.57,31,37
Turkmenistan,TKM,ECA,2023,18,170,5,1.45,16,20
Uganda,UGA,SSA,2023,26,141,8,1.30,24,28
Ukraine,UKR,ECA,2023,36,104,8,1.93,33,39
United Arab Emirates,ARE,MENA,2023,68,26,7,2.57,64,72
United Kingdom,GBR,WE/EU,2023,71,20,8,1.68,68,74
United States of America,USA,AME,2023,69,24,9,2.14,65,73
Uruguay,URY,AME,2023,73,16,7,0.67,72,74
Uzbekistan,UZB,ECA,2023,33,121,9,2.12,30,36
Vanuatu,VUT,AP,2023,48,61,3,3.14,43,53
Venezuela,VEN,AME,2023,13,177,8,1.23,11,15
Vietnam,VNM,AP,2023,41,83,8,1.40,39,43
Yemen,YEM,MENA,2023,16,176,7,1.75,13,19
Zambia,ZMB,SSA,2023,37,98,8,2.06,34,40
Zimbabwe,ZWE,SSA,2023,24,149,9,1.30,22,26
Afghanistan,AFG,AP,2022,24,150,4,6.30,14,34
Albania,ALB,ECA,2022,36,101,8,1.32,34,38
Algeria,DZA,MENA,2022,33,116,6,1.67,30,36
Angola,AGO,SSA,2022,33,116,7,2.81,28,38
Argentina,ARG,AME,2022,38,94,7,2.33,34,42
Armenia,ARM,ECA,2022,46,63,6,2.47,42,50
Australia,AUS,AP,2022,75,13,9,0.78,74,76
Austria,AUT,WE/EU,2022,71,22,8,1.53,68,74
Azerbaijan,AZE,ECA,2022,23,157,6,2.40,19,27
Bahamas,BHS,AME,2022,64,30,3,5.32,55,73
Bahrain,BHR,MENA,2022,44,69,6,6.19,34,54
Bangladesh,BGD,AP,2022,25,147,8,1.93,22,28
Barbados,BRB,AME,2022,65,29,4,3.28,60,70
Belarus,BLR,ECA,2022,39,91,7,3.14,34,44
Belgium,BEL,WE/EU,2022,73,18,8,1.52,71,75
Benin,BEN,SSA,2022,43,72,7,2.42,39,47
Bhutan,BTN,AP,2022,68,25,4,2.18,64,72
Bolivia,BOL,AME,2022,31,126,6,2.41,27,35
Bosnia and Herzegovina,BIH,ECA,2022,34,110,7,2.18,30,38
Botswana,BWA,SSA,2022,60,35,8,2.63,56,64
Brazil,BRA,AME,2022,38,94,8,1.58,35,41
Bulgaria,BGR,WE/EU,2022,43,72,10,1.06,41,45
Burkina Faso,BFA,SSA,2022,42,77,7,1.37,40,44
Burundi,BDI,SSA,2022,17,171,5,2.33,13,21
Cabo Verde,CPV,SSA,2022,60,35,4,4.81,52,68
Cambodia,KHM,AP,2022,24,150,8,2.78,19,29
Cameroon,CMR,SSA,2022,26,142,9,1.37,24,28
Canada,CAN,AME,2022,74,14,8,2.12,71,77
Central African Republic,CAF,SSA,2022,24,150,5,0.81,23,25
Chad,TCD,SSA,2022,19,167,6,1.51,17,21
Chile,CHL,AME,2022,67,27,9,1.34,65,69
China,CHN,AP,2022,45,65,9,1.81,42,48
Colombia,COL,AME,2022,39,91,8,1.38,37,41
Comoros,COM,SSA,2022,19,167,4,5.48,10,28
Congo,COG,SSA,2022,21,164,7,1.26,19,23
Costa Rica,CRI,AME,2022,54,48,7,3.16,49,59
Croatia,HRV,WE/EU,2022,50,57,9,0.93,48,52
Cuba,CUB,AME,2022,45,65,5,2.87,40,50
Cyprus,CYP,WE/EU,2022,52,51,8,2.46,48,56
Czechia,CZE,WE/EU,2022,56,41,10,1.08,54,58
Côte d'Ivoire,CIV,SSA,2022,37,99,9,1.97,34,40
Democratic Republic of the Congo,COD,SSA,2022,20,166,9,0.99,18,22
Denmark,DNK,WE/EU,2022,90,1,8,1.71,87,93
Djibouti,DJI,SSA,2022,30,130,5,1.74,27,33
Dominica,DMA,AME,2022,55,45,3,1.90,52,58
Dominican Republic,DOM,AME,2022,32,123,7,1.31,30,34
Ecuador,ECU,AME,2022,36,101,7,1.07,34,38
Egypt,EGY,MENA,2022,30,130,6,1.78,27,33
El Salvador,SLV,AME,2022,33,116,7,1.91,30,36
Equatorial Guinea,GNQ,SSA,2022,17,171,4,2.55,13,21
Eritrea,ERI,SSA,2022,22,162,5,4.78,14,30
Estonia,EST,WE/EU,2022,74,14,10,1.01,72,76
Eswatini,SWZ,SSA,2022,30,130,3,5.90,20,40
Ethiopia,ETH,SSA,2022,38,94,8,1.31,36,40
Fiji,FJI,AP,2022,53,49,3,4.32,46,60
Finland,FIN,WE/EU,2022,87,2,8,1.19,85,89
France,FRA,WE/EU,2022,72,21,8,0.64,71,73
Gabon,GAB,SSA,2022,29,136,6,2.07,26,32
Gambia,GMB,SSA,2022,34,110,7,3.76,28,40
Georgia,GEO,ECA,2022,56,41,6,3.03,51,61
Germany,DEU,WE/EU,2022,79,9,8,2.17,75,83
Ghana,GHA,SSA,2022,43,72,9,1.43,41,45
Greece,GRC,WE/EU,2022,52,51,8,2.14,48,56
Grenada,GRD,AME,2022,52,51,3,3.23,47,57
Guatemala,GTM,AME,2022,24,150,7,1.13,22,26
Guinea,GIN,SSA,2022,25,147,7,1.60,22,28
Guinea-Bissau,GNB,SSA,2022,21,164,6,2.67,17,25
Guyana,GUY,AME,2022,40,85,5,2.18,36,44
Haiti,HTI,AME,2022,17,171,6,1.34,15,19
Honduras,HND,AME,2022,23,157,8,0.50,22,24
Hong Kong,HKG,AP,2022,76,12,8,1.61,73,79
Hungary,HUN,WE/EU,2022,42,77,10,1.46,40,44
Iceland,ISL,WE/EU,2022,74,14,7,3.83,68,80
India,IND,AP,2022,40,85,9,1.18,38,42
Indonesia,IDN,AP,2022,34,110,8,1.78,31,37
Iran,IRN,MENA,2022,25,147,7,2.32,21,29
Iraq,IRQ,MENA,2022,23,157,5,3.98,16,30
Ireland,IRL,WE/EU,2022,77,10,8,0.79,76,78
Israel,ISR,MENA,2022,63,31,7,2.05,60,66
Italy,ITA,WE/EU,2022,56,41,8,1.71,53,59
Jamaica,JAM,AME,2022,44,69,6,3.66,38,50
Japan,JPN,AP,2022,73,18,9,1.86,70,76
Jordan,JOR,MENA,2022,47,61,8,2.38,43,51
Kazakhstan,KAZ,ECA,2022,36,101,9,3.29,31,41
Kenya,KEN,SSA,2022,32,123,9,1.50,30,34
Kosovo,KSV,ECA,2022,41,84,6,2.58,37,45
Kuwait,KWT,MENA,2022,42,77,6,1.74,39,45
Kyrgyzstan,KGZ,ECA,2022,27,140,7,1.32,25,29
Laos,LAO,AP,2022,31,126,5,3.70,25,37
Latvia,LVA,WE/EU,2022,59,39,10,1.36,57,61
Lebanon,LBN,MENA,2022,24,150,7,0.82,23,25
Lesotho,LSO,SSA,2022,37,99,6,3.87,31,43
Liberia,LBR,SSA,2022,26,142,7,1.72,23,29
Libya,LBY,MENA,2022,17,171,5,1.59,14,20
Lithuania,LTU,WE/EU,2022,62,33,10,1.14,60,64
Luxembourg,LUX,WE/EU,2022,77,10,8,1.08,75,79
Madagascar,MDG,SSA,2022,26,142,7,1.67,23,29
Malawi,MWI,SSA,2022,34,110,9,1.71,31,37
Malaysia,MYS,AP,2022,47,61,9,1.37,45,49
Maldives,MDV,AP,2022,40,85,3,4.83,32,48
Mali,MLI,SSA,2022,28,137,8,1.63,25,31
Malta,MLT,WE/EU,2022,51,54,7,2.52,47,55
Mauritania,MRT,SSA,2022,30,130,6,1.68,27,33
Mauritius,MUS,SSA,2022,50,57,6,1.78,47,53
Mexico,MEX,AME,2022,31,126,9,1.62,28,34
Moldova,MDA,ECA,2022,39,91,8,1.65,36,42
Mongolia,MNG,AP,2022,33,116,8,0.82,32,34
Montenegro,MNE,ECA,2022,45,65,5,1.93,42,48
Morocco,MAR,MENA,2022,38,94,7,1.80,35,41
Mozambique,MOZ,SSA,2022,26,142,8,1.89,23,29
Myanmar,MMR,AP,2022,23,157,7,1.90,20,26
Namibia,NAM,SSA,2022,49,59,7,2.48,45,53
Nepal,NPL,AP,2022,34,110,6,0.93,32,36
Netherlands,NLD,WE/EU,2022,80,8,8,2.01,77,83
New Zealand,NZL,AP,2022,87,2,8,1.41,85,89
Nicaragua,NIC,AME,2022,19,167,8,1.04,17,21
Niger,NER,SSA,2022,32,123,7,1.50,30,34
Nigeria,NGA,SSA,2022,24,150,8,1.60,21,27
North Korea,PRK,AP,2022,17,171,4,3.78,11,23
North Macedonia,MKD,ECA,2022,40,85,7,1.95,37,43
Norway,NOR,WE/EU,2022,84,4,7,1.17,82,86
Oman,OMN,MENA,2022,44,69,5,4.95,36,52
Pakistan,PAK,AP,2022,27,140,7,1.92,24,30
Panama,PAN,AME,2022,36,101,7,1.08,34,38
Papua New Guinea,PNG,AP,2022,30,130,6,2.34,26,34
Paraguay,PRY,AME,2022,28,137,7,1.70,25,31
Peru,PER,AME,2022,36,101,8,1.43,34,38
Philippines,PHL,AP,2022,33,116,9,0.93,31,35
Poland,POL,WE/EU,2022,55,45,10,1.37,53,57
Portugal,PRT,WE/EU,2022,62,33,8,1.63,59,65
Qatar,QAT,MENA,2022,58,40,6,5.08,50,66
Romania,ROU,WE/EU,2022,46,63,10,1.01,44,48
Russia,RUS,ECA,2022,28,137,8,1.73,25,31
Rwanda,RWA,SSA,2022,51,54,6,2.79,46,56
Saint Lucia,LCA,AME,2022,55,45,3,3.70,49,61
Saint Vincent and the Grenadines,VCT,AME,2022,60,35,3,4.51,53,67
Sao Tome and Principe,STP,SSA,2022,45,65,4,4.82,37,53
Saudi Arabia,SAU,MENA,2022,51,54,6,4.64,43,59
Senegal,SEN,SSA,2022,43,72,9,1.40,41,45
Serbia,SRB,ECA,2022,36,101,8,1.33,34,38
Seychelles,SYC,SSA,2022,70,23,3,1.78,67,73
Sierra Leone,SLE,SSA,2022,34,110,9,1.73,31,37
Singapore,SGP,AP,2022,83,5,8,1.30,81,85
Slovakia,SVK,WE/EU,2022,53,49,10,1.72,50,56
Slovenia,SVN,WE/EU,2022,56,41,10,0.96,54,58
Solomon Islands,SLB,AP,2022,42,77,3,7.67,29,55
Somalia,SOM,SSA,2022,12,180,6,1.74,9,15
South Africa,ZAF,SSA,2022,43,72,8,2.01,40,46
South Korea,KOR,AP,2022,63,31,10,1.03,61,65
South Sudan,SSD,SSA,2022,13,178,5,1.90,10,16
Spain,ESP,WE/EU,2022,60,35,8,2.41,56,64
Sri Lanka,LKA,AP,2022,36,101,7,0.80,35,37
Sudan,SDN,SSA,2022,22,162,8,3.47,16,28
Suriname,SUR,AME,2022,40,85,4,5.38,31,49
Sweden,SWE,WE/EU,2022,83,5,8,2.20,79,87
Switzerland,CHE,WE/EU,2022,82,7,7,1.85,79,85
Syria,SYR,MENA,2022,13,178,5,1.57,10,16
Taiwan,TWN,AP,2022,68,25,8,1.66,65,71
Tajikistan,TJK,ECA,2022,24,150,6,3.13,19,29
Tanzania,TZA,SSA,2022,38,94,9,0.99,36,40
Thailand,THA,AP,2022,36,101,9,1.09,34,38
Timor-Leste,TLS,AP,2022,42,77,4,5.03,34,50
Togo,TGO,SSA,2022,30,130,7,1.70,27,33
Trinidad and Tobago,TTO,AME,2022,42,77,7,3.86,36,48
Tunisia,TUN,MENA,2022,40,85,7,1.12,38,42
Turkey,TUR,ECA,2022,36,101,9,1.51,34,38
Turkmenistan,TKM,ECA,2022,19,167,5,1.07,17,21
Uganda,UGA,SSA,2022,26,142,8,1.49,24,28
Ukraine,UKR,ECA,2022,33,116,8,1.44,31,35
United Arab Emirates,ARE,MENA,2022,67,27,7,3.10,62,72
United Kingdom,GBR,WE/EU,2022,73,18,8,1.85,70,76
United States of America,USA,AME,2022,69,24,9,2.11,66,72
Uruguay,URY,AME,2022,74,14,7,0.66,73,75
Uzbekistan,UZB,ECA,2022,31,126,8,1.71,28,34
Vanuatu,VUT,AP,2022,48,60,3,2.72,44,52
Venezuela,VEN,AME,2022,14,177,8,1.30,12,16
Vietnam,VNM,AP,2022,42,77,8,1.50,40,44
Yemen,YEM,MENA,2022,16,176,7,1.98,13,19
Zambia,ZMB,SSA,2022,33,116,9,1.50,31,35
Zimbabwe,ZWE,SSA,2022,23,157,8,1.53,20,26
Afghanistan,AFG,AP,2021,16,174,5,2.12,13,19
Albania,ALB,ECA,2021,35,110,8,1.33,33,37
Algeria,DZA,MENA,2021,33,117,7,1.08,31,35
Angola,AGO,SSA,2021,29,136,7,1.53,26,32
Argentina,ARG,AME,2021,38,96,8,2.10,35,41
Armenia,ARM,ECA,2021,49,58,6,3.76,43,55
Australia,AUS,AP,2021,73,18,9,1.63,70,76
Austria,AUT,WE/EU,2021,74,13,8,0.83,73,75
Azerbaijan,AZE,ECA,2021,30,128,7,5.52,21,39
Bahamas,BHS,AME,2021,64,30,3,5.63,55,73
Bahrain,BHR,MENA,2021,42,78,6,5.20,33,51
Bangladesh,BGD,AP,2021,26,147,8,1.74,23,29
Barbados,BRB,AME,2021,65,29,4,3.07,60,70
Belarus,BLR,ECA,2021,41,82,8,2.35,37,45
Belgium,BEL,WE/EU,2021,73,18,8,1.44,71,75
Benin,BEN,SSA,2021,42,78,7,2.35,38,46
Bhutan,BTN,AP,2021,68,25,4,2.24,64,72
Bolivia,BOL,AME,2021,30,128,7,1.68,27,33
Bosnia and Herzegovina,BIH,ECA,2021,35,110,7,1.80,32,38
Botswana,BWA,SSA,2021,55,45,8,3.19,50,60
Brazil,BRA,AME,2021,38,96,8,1.61,35,41
Bulgaria,BGR,WE/EU,2021,42,78,10,1.18,40,44
Burkina Faso,BFA,SSA,2021,42,78,7,1.37,40,44
Burundi,BDI,SSA,2021,19,169,6,3.27,14,24
Cabo Verde,CPV,SSA,2021,58,39,4,2.97,53,63
Cambodia,KHM,AP,2021,23,157,8,2.84,18,28
Cameroon,CMR,SSA,2021,27,144,9,1.37,25,29
Canada,CAN,AME,2021,74,13,8,2.30,70,78
Central African Republic,CAF,SSA,2021,24,154,5,0.99,22,26
Chad,TCD,SSA,2021,20,164,6,1.89,17,23
Chile,CHL,AME,2021,67,27,9,1.33,65,69
China,CHN,AP,2021,45,66,9,1.77,42,48
Colombia,COL,AME,2021,39,87,8,1.45,37,41
Comoros,COM,SSA,2021,20,164,4,5.83,10,30
Congo,COG,SSA,2021,21,162,7,1.46,19,23
Costa Rica,CRI,AME,2021,58,39,7,2.42,54,62
Croatia,HRV,WE/EU,2021,47,63,10,1.56,44,50
Cuba,CUB,AME,2021,46,64,5,3.07,41,51
Cyprus,CYP,WE/EU,2021,53,52,8,2.59,49,57
Czechia,CZE,WE/EU,2021,54,49,10,1.28,52,56
Côte d'Ivoire,CIV,SSA,2021,36,105,9,1.40,34,38
Democratic Republic of the Congo,COD,SSA,2021,19,169,9,1.00,17,21
Denmark,DNK,WE/EU,2021,88,1,8,1.85,85,91
Djibouti,DJI,SSA,2021,30,128,5,1.68,27,33
Dominica,DMA,AME,2021,55,45,3,1.98,52,58
Dominican Republic,DOM,AME,2021,30,128,7,1.16,28,32
Ecuador,ECU,AME,2021,36,105,7,1.58,33,39
Egypt,EGY,MENA,2021,33,117,7,4.09,26,40
El Salvador,SLV,AME,2021,34,115,7,1.59,31,37
Equatorial Guinea,GNQ,SSA,2021,17,172,4,2.55,13,21
Eritrea,ERI,SSA,2021,22,161,5,4.99,14,30
Estonia,EST,WE/EU,2021,74,13,10,0.92,72,76
Eswatini,SWZ,SSA,2021,32,122,3,7.12,20,44
Ethiopia,ETH,SSA,2021,39,87,8,1.21,37,41
Fiji,FJI,AP,2021,55,45,3,5.16,47,63
Finland,FIN,WE/EU,2021,88,1,8,1.25,86,90
France,FRA,WE/EU,2021,71,22,8,1.30,69,73
Gabon,GAB,SSA,2021,31,124,5,2.40,27,35
Gambia,GMB,SSA,2021,37,102,8,3.38,31,43
Georgia,GEO,ECA,2021,55,45,6,2.84,50,60
Germany,DEU,WE/EU,2021,80,10,8,1.76,77,83
Ghana,GHA,SSA,2021,43,73,9,1.53,40,46
Greece,GRC,WE/EU,2021,49,58,8,1.63,46,52
Grenada,GRD,AME,2021,53,52,3,3.99,46,60
Guatemala,GTM,AME,2021,25,150,7,1.17,23,27
Guinea,GIN,SSA,2021,25,150,8,1.27,23,27
Guinea-Bissau,GNB,SSA,2021,21,162,6,2.69,17,25
Guyana,GUY,AME,2021,39,87,5,2.13,35,43
Haiti,HTI,AME,2021,20,164,6,0.74,19,21
Honduras,HND,AME,2021,23,157,8,0.85,22,24
Hong Kong,HKG,AP,2021,76,12,8,1.85,73,79
Hungary,HUN,WE/EU,2021,43,73,10,1.30,41,45
Iceland,ISL,WE/EU,2021,74,13,7,3.70,68,80
India,IND,AP,2021,40,85,9,1.17,38,42
Indonesia,IDN,AP,2021,38,96,9,2.14,34,42
Iran,IRN,MENA,2021,25,150,7,2.29,21,29
Iraq,IRQ,MENA,2021,23,157,5,4.02,16,30
Ireland,IRL,WE/EU,2021,74,13,8,0.68,73,75
Israel,ISR,MENA,2021,59,36,7,2.05,56,62
Italy,ITA,WE/EU,2021,56,42,8,1.46,54,58
Jamaica,JAM,AME,2021,44,70,6,3.66,38,50
Japan,JPN,AP,2021,73,18,9,2.10,70,76
Jordan,JOR,MENA,2021,49,58,8,2.65,45,53
Kazakhstan,KAZ,ECA,2021,37,102,9,3.33,32,42
Kenya,KEN,SSA,2021,30,128,9,1.32,28,32
Kosovo,KSV,ECA,2021,39,87,6,2.31,35,43
Kuwait,KWT,MENA,2021,43,73,6,2.00,40,46
Kyrgyzstan,KGZ,ECA,2021,27,144,7,1.16,25,29
Laos,LAO,AP,2021,30,128,5,3.21,25,35
Latvia,LVA,WE/EU,2021,59,36,10,1.32,57,61
Lebanon,LBN,MENA,2021,24,154,7,0.77,23,25
Lesotho,LSO,SSA,2021,38,96,6,4.00,31,45
Liberia,LBR,SSA,2021,29,136,8,1.70,26,32
Libya,LBY,MENA,2021,17,172,5,1.72,14,20
Lithuania,LTU,WE/EU,2021,61,34,10,1.18,59,63
Luxembourg,LUX,WE/EU,2021,81,9,8,0.96,79,83
Madagascar,MDG,SSA,2021,26,147,7,1.69,23,29
Malawi,MWI,SSA,2021,35,110,9,1.69,32,38
Malaysia,MYS,AP,2021,48,62,9,1.32,46,50
Maldives,MDV,AP,2021,40,85,3,4.39,33,47
Mali,MLI,SSA,2021,29,136,8,1.46,27,31
Malta,MLT,WE/EU,2021,54,49,7,1.73,51,57
Mauritania,MRT,SSA,2021,28,140,7,1.85,25,31
Mauritius,MUS,SSA,2021,54,49,6,1.60,51,57
Mexico,MEX,AME,2021,31,124,9,1.43,29,33
Moldova,MDA,ECA,2021,36,105,7,1.34,34,38
Mongolia,MNG,AP,2021,35,110,8,0.57,34,36
Montenegro,MNE,ECA,2021,46,64,5,2.13,42,50
Morocco,MAR,MENA,2021,39,87,6,2.47,35,43
Mozambique,MOZ,SSA,2021,26,147,8,1.99,23,29
Myanmar,MMR,AP,2021,28,140,7,2.78,23,33
Namibia,NAM,SSA,2021,49,58,7,2.61,45,53
Nepal,NPL,AP,2021,33,117,6,0.54,32,34
Netherlands,NLD,WE/EU,2021,82,8,8,1.36,80,84
New Zealand,NZL,AP,2021,88,1,8,1.43,86,90
Nicaragua,NIC,AME,2021,20,164,8,0.97,18,22
Niger,NER,SSA,2021,31,124,7,1.35,29,33
Nigeria,NGA,SSA,2021,24,154,8,1.57,21,27
North Korea,PRK,AP,2021,16,174,4,2.57,12,20
North Macedonia,MKD,ECA,2021,39,87,7,1.66,36,42
Norway,NOR,WE/EU,2021,85,4,7,1.07,83,87
Oman,OMN,MENA,2021,52,56,6,7.12,40,64
Pakistan,PAK,AP,2021,28,140,8,1.87,25,31
Panama,PAN,AME,2021,36,105,7,1.02,34,38
Papua New Guinea,PNG,AP,2021,31,124,6,2.26,27,35
Paraguay,PRY,AME,2021,30,128,7,1.40,28,32
Peru,PER,AME,2021,36,105,8,1.84,33,39
Philippines,PHL,AP,2021,33,117,9,0.94,31,35
Poland,POL,WE/EU,2021,56,42,10,1.22,54,58
Portugal,PRT,WE/EU,2021,62,32,8,1.84,59,65
Qatar,QAT,MENA,2021,63,31,7,5.01,55,71
Romania,ROU,WE/EU,2021,45,66,10,1.00,43,47
Russia,RUS,ECA,2021,29,136,9,1.46,27,31
Rwanda,RWA,SSA,2021,53,52,7,3.59,47,59
Saint Lucia,LCA,AME,2021,56,42,3,4.03,49,63
Saint Vincent and the Grenadines,VCT,AME,2021,59,36,3,3.55,53,65
Sao Tome and Principe,STP,SSA,2021,45,66,4,4.82,37,53
Saudi Arabia,SAU,MENA,2021,53,52,7,4.24,46,60
Senegal,SEN,SSA,2021,43,73,9,1.35,41,45
Serbia,SRB,ECA,2021,38,96,8,1.42,36,40
Seychelles,SYC,SSA,2021,70,23,3,1.34,68,72
Sierra Leone,SLE,SSA,2021,34,115,9,1.84,31,37
Singapore,SGP,AP,2021,85,4,9,1.16,83,87
Slovakia,SVK,WE/EU,2021,52,56,10,2.01,49,55
Slovenia,SVN,WE/EU,2021,57,41,10,1.04,55,59
Solomon Islands,SLB,AP,2021,43,73,3,7.31,31,55
Somalia,SOM,SSA,2021,13,178,6,1.89,10,16
South Africa,ZAF,SSA,2021,44,70,8,2.35,40,48
South Korea,KOR,AP,2021,62,32,10,1.13,60,64
South Sudan,SSD,SSA,2021,11,180,5,0.41,10,12
Spain,ESP,WE/EU,2021,61,34,8,2.28,57,65
Sri Lanka,LKA,AP,2021,37,102,7,0.99,35,39
Sudan,SDN,SSA,2021,20,164,8,2.43,16,24
Suriname,SUR,AME,2021,39,87,4,4.29,32,46
Sweden,SWE,WE/EU,2021,85,4,8,1.24,83,87
Switzerland,CHE,WE/EU,2021,84,7,7,1.11,82,86
Syria,SYR,MENA,2021,13,178,5,1.58,10,16
Taiwan,TWN,AP,2021,68,25,8,1.85,65,71
Tajikistan,TJK,ECA,2021,25,150,6,3.97,18,32
Tanzania,TZA,SSA,2021,39,87,9,1.39,37,41
Thailand,THA,AP,2021,35,110,9,0.84,34,36
Timor-Leste,TLS,AP,2021,41,82,4,3.68,35,47
Togo,TGO,SSA,2021,30,128,7,1.60,27,33
Trinidad and Tobago,TTO,AME,2021,41,82,7,3.66,35,47
Tunisia,TUN,MENA,2021,44,70,7,1.90,41,47
Turkey,TUR,ECA,2021,38,96,9,2.10,35,41
Turkmenistan,TKM,ECA,2021,19,169,5,1.07,17,21
Uganda,UGA,SSA,2021,27,144,9,1.22,25,29
Ukraine,UKR,ECA,2021,32,122,9,1.29,30,34
United Arab Emirates,ARE,MENA,2021,69,24,8,2.90,64,74
United Kingdom,GBR,WE/EU,2021,78,11,8,1.43,76,80
United States of America,USA,AME,2021,67,27,9,2.21,63,71
Uruguay,URY,AME,2021,73,18,7,0.68,72,74
Uzbekistan,UZB,ECA,2021,28,140,7,1.51,26,30
Vanuatu,VUT,AP,2021,45,66,3,4.58,37,53
Venezuela,VEN,AME,2021,14,177,8,0.99,12,16
Vietnam,VNM,AP,2021,39,87,8,0.82,38,40
Yemen,YEM,MENA,2021,16,174,7,2.29,12,20
Zambia,ZMB,SSA,2021,33,117,9,1.63,30,36
Zimbabwe,ZWE,SSA,2021,23,157,8,1.52,21,25
Afghanistan,AFG,AP,2020,19,165,5,2.44,15,23
Albania,ALB,ECA,2020,36,104,8,0.92,34,38
Algeria,DZA,MENA,2020,36,104,7,1.48,34,38
Angola,AGO,SSA,2020,27,142,7,2.01,24,30
Argentina,ARG,AME,2020,42,78,8,2.32,38,46
Armenia,ARM,ECA,2020,49,60,6,3.50,43,55
Australia,AUS,AP,2020,77,11,9,1.05,75,79
Austria,AUT,WE/EU,2020,76,15,8,0.67,75,77
Azerbaijan,AZE,ECA,2020,30,129,7,5.00,22,38
Bahamas,BHS,AME,2020,63,30,3,5.80,53,73
Bahrain,BHR,MENA,2020,42,78,6,5.91,32,52
Bangladesh,BGD,AP,2020,26,146,8,1.72,23,29
Barbados,BRB,AME,2020,64,29,4,5.47,55,73
Belarus,BLR,ECA,2020,47,63,7,3.38,41,53
Belgium,BEL,WE/EU,2020,76,15,7,1.05,74,78
Benin,BEN,SSA,2020,41,83,7,1.80,38,44
Bhutan,BTN,AP,2020,68,24,4,2.39,64,72
Bolivia,BOL,AME,2020,31,124,7,2.05,28,34
Bosnia and Herzegovina,BIH,ECA,2020,35,111,7,1.87,32,38
Botswana,BWA,SSA,2020,60,35,7,2.88,55,65
Brazil,BRA,AME,2020,38,94,8,2.50,34,42
Brunei Darussalam,BRN,AP,2020,60,35,3,5.59,51,69
Bulgaria,BGR,WE/EU,2020,44,69,10,1.29,42,46
Burkina Faso,BFA,SSA,2020,40,86,8,1.62,37,43
Burundi,BDI,SSA,2020,19,165,6,3.74,13,25
Cabo Verde,CPV,SSA,2020,58,41,4,3.72,52,64
Cambodia,KHM,AP,2020,21,160,8,2.32,17,25
Cameroon,CMR,SSA,2020,25,149,9,1.36,23,27
Canada,CAN,AME,2020,77,11,8,1.77,74,80
Central African Republic,CAF,SSA,2020,26,146,5,0.93,24,28
Chad,TCD,SSA,2020,21,160,6,1.71,18,24
Chile,CHL,AME,2020,67,25,9,1.23,65,69
China,CHN,AP,2020,42,78,8,1.63,39,45
Colombia,COL,AME,2020,39,92,8,1.59,36,42
Comoros,COM,SSA,2020,21,160,4,5.75,12,30
Congo,COG,SSA,2020,19,165,6,0.80,18,20
Costa Rica,CRI,AME,2020,57,42,7,2.58,53,61
Croatia,HRV,WE/EU,2020,47,63,10,1.48,45,49
Cuba,CUB,AME,2020,47,63,5,2.81,42,52
Cyprus,CYP,WE/EU,2020,57,42,7,3.19,52,62
Czechia,CZE,WE/EU,2020,54,49,10,1.10,52,56
Côte d'Ivoire,CIV,SSA,2020,36,104,9,1.46,34,38
Democratic Republic of the Congo,COD,SSA,2020,18,170,9,0.75,17,19
Denmark,DNK,WE/EU,2020,88,1,8,1.78,85,91
Djibouti,DJI,SSA,2020,27,142,5,1.53,24,30
Dominica,DMA,AME,2020,55,48,3,1.98,52,58
Dominican Republic,DOM,AME,2020,28,137,7,1.91,25,31
Ecuador,ECU,AME,2020,39,92,7,1.73,36,42
Egypt,EGY,MENA,2020,33,117,7,3.68,27,39
El Salvador,SLV,AME,2020,36,104,7,1.38,34,38
Equatorial Guinea,GNQ,SSA,2020,16,174,4,2.60,12,20
Eritrea,ERI,SSA,2020,21,160,5,4.58,13,29
Estonia,EST,WE/EU,2020,75,17,10,0.87,74,76
Eswatini,SWZ,SSA,2020,33,117,4,4.93,25,41
Ethiopia,ETH,SSA,2020,38,94,9,1.00,36,40
Finland,FIN,WE/EU,2020,85,3,8,1.75,82,88
France,FRA,WE/EU,2020,69,23,8,1.40,67,71
Gabon,GAB,SSA,2020,30,129,6,2.35,26,34
Gambia,GMB,SSA,2020,37,102,8,3.19,32,42
Georgia,GEO,ECA,2020,56,45,5,3.15,51,61
Germany,DEU,WE/EU,2020,80,9,8,2.00,77,83
Ghana,GHA,SSA,2020,43,75,9,1.52,41,45
Greece,GRC,WE/EU,2020,50,59,8,1.81,47,53
Grenada,GRD,AME,2020,53,52,3,3.48,47,59
Guatemala,GTM,AME,2020,25,149,7,1.38,23,27
Guinea,GIN,SSA,2020,28,137,8,1.88,25,31
Guinea-Bissau,GNB,SSA,2020,19,165,6,2.71,15,23
Guyana,GUY,AME,2020,41,83,5,3.54,35,47
Haiti,HTI,AME,2020,18,170,6,2.47,14,22
Honduras,HND,AME,2020,24,157,7,1.52,22,26
Hong Kong,HKG,AP,2020,77,11,8,1.79,74,80
Hungary,HUN,WE/EU,2020,44,69,10,1.27,42,46
Iceland,ISL,WE/EU,2020,75,17,7,3.86,69,81
India,IND,AP,2020,40,86,9,1.14,38,42
Indonesia,IDN,AP,2020,37,102,9,1.71,34,40
Iran,IRN,MENA,2020,25,149,7,2.56,21,29
Iraq,IRQ,MENA,2020,21,160,5,2.52,17,25
Ireland,IRL,WE/EU,2020,72,20,7,2.15,68,76
Israel,ISR,MENA,2020,60,35,7,1.34,58,62
Italy,ITA,WE/EU,2020,53,52,8,2.11,50,56
Jamaica,JAM,AME,2020,44,69,7,3.34,39,49
Japan,JPN,AP,2020,74,19,9,2.02,71,77
Jordan,JOR,MENA,2020,49,60,8,2.20,45,53
Kazakhstan,KAZ,ECA,2020,38,94,9,3.12,33,43
Kenya,KEN,SSA,2020,31,124,9,1.49,29,33
Kosovo,KSV,ECA,2020,36,104,6,0.68,35,37
Kuwait,KWT,MENA,2020,42,78,6,1.88,39,45
Kyrgyzstan,KGZ,ECA,2020,31,124,7,1.28,29,33
Laos,LAO,AP,2020,29,134,5,3.95,23,35
Latvia,LVA,WE/EU,2020,57,42,9,1.92,54,60
Lebanon,LBN,MENA,2020,25,149,7,1.15,23,27
Lesotho,LSO,SSA,2020,41,83,6,3.24,36,46
Liberia,LBR,SSA,2020,28,137,7,2.01,25,31
Libya,LBY,MENA,2020,17,173,5,1.72,14,20
Lithuania,LTU,WE/EU,2020,60,35,9,1.34,58,62
Luxembourg,LUX,WE/EU,2020,80,9,7,1.50,78,82
Madagascar,MDG,SSA,2020,25,149,8,1.51,23,27
Malawi,MWI,SSA,2020,30,129,9,1.16,28,32
Malaysia,MYS,AP,2020,51,57,9,1.62,48,54
Maldives,MDV,AP,2020,43,75,3,7.69,30,56
Mali,MLI,SSA,2020,30,129,8,1.50,28,32
Malta,MLT,WE/EU,2020,53,52,6,1.42,51,55
Mauritania,MRT,SSA,2020,29,134,6,1.60,26,32
Mauritius,MUS,SSA,2020,53,52,6,1.54,50,56
Mexico,MEX,AME,2020,31,124,9,1.38,29,33
Moldova,MDA,ECA,2020,34,115,9,1.24,32,36
Mongolia,MNG,AP,2020,35,111,9,0.71,34,36
Montenegro,MNE,ECA,2020,45,67,5,3.25,40,50
Morocco,MAR,MENA,2020,40,86,7,2.22,36,44
Mozambique,MOZ,SSA,2020,25,149,9,1.60,22,28
Myanmar,MMR,AP,2020,28,137,7,2.65,24,32
Namibia,NAM,SSA,2020,51,57,7,1.88,48,54
Nepal,NPL,AP,2020,33,117,6,1.35,31,35
Netherlands,NLD,WE/EU,2020,82,8,8,1.44,80,84
New Zealand,NZL,AP,2020,88,1,8,1.48,86,90
Nicaragua,NIC,AME,2020,22,159,7,0.90,21,23
Niger,NER,SSA,2020,32,123,7,1.20,30,34
Nigeria,NGA,SSA,2020,25,149,8,1.45,23,27
North Korea,PRK,AP,2020,18,170,4,3.46,12,24
North Macedonia,MKD,ECA,2020,35,111,7,2.44,31,39
Norway,NOR,WE/EU,2020,84,7,7,1.26,82,86
Oman,OMN,MENA,2020,54,49,6,7.47,42,66
Pakistan,PAK,AP,2020,31,124,8,1.80,28,34
Panama,PAN,AME,2020,35,111,7,0.77,34,36
Papua New Guinea,PNG,AP,2020,27,142,6,1.62,24,30
Paraguay,PRY,AME,2020,28,137,6,2.19,24,32
Peru,PER,AME,2020,38,94,8,1.98,35,41
Philippines,PHL,AP,2020,34,115,9,0.92,32,36
Poland,POL,WE/EU,2020,56,45,10,1.39,54,58
Portugal,PRT,WE/EU,2020,61,33,8,1.73,58,64
Qatar,QAT,MENA,2020,63,30,7,5.35,54,72
Romania,ROU,WE/EU,2020,44,69,10,0.89,43,45
Russia,RUS,ECA,2020,30,129,9,1.33,28,32
Rwanda,RWA,SSA,2020,54,49,7,3.39,48,60
Saint Lucia,LCA,AME,2020,56,45,3,4.17,49,63
Saint Vincent and the Grenadines,VCT,AME,2020,59,40,3,4.02,52,66
Sao Tome and Principe,STP,SSA,2020,47,63,4,5.06,39,55
Saudi Arabia,SAU,MENA,2020,53,52,7,5.36,44,62
Senegal,SEN,SSA,2020,45,67,9,1.33,43,47
Serbia,SRB,ECA,2020,38,94,8,1.66,35,41
Seychelles,SYC,SSA,2020,66,27,4,2.97,61,71
Sierra Leone,SLE,SSA,2020,33,117,8,2.42,29,37
Singapore,SGP,AP,2020,85,3,9,1.20,83,87
Slovakia,SVK,WE/EU,2020,49,60,9,2.69,45,53
Slovenia,SVN,WE/EU,2020,60,35,10,1.13,58,62
Solomon Islands,SLB,AP,2020,42,78,3,7.80,29,55
Somalia,SOM,SSA,2020,12,179,6,2.29,8,16
South Africa,ZAF,SSA,2020,44,69,8,2.17,40,48
South Korea,KOR,AP,2020,61,33,10,1.11,59,63
South Sudan,SSD,SSA,2020,12,179,5,1.11,10,14
Spain,ESP,WE/EU,2020,62,32,8,2.01,59,65
Sri Lanka,LKA,AP,2020,38,94,8,1.17,36,40
Sudan,SDN,SSA,2020,16,174,7,2.14,12,20
Suriname,SUR,AME,2020,38,94,4,1.69,35,41
Sweden,SWE,WE/EU,2020,85,3,8,1.30,83,87
Switzerland,CHE,WE/EU,2020,85,3,7,1.10,83,87
Syria,SYR,MENA,2020,14,178,5,1.58,11,17
Taiwan,TWN,AP,2020,65,28,8,2.06,62,68
Tajikistan,TJK,ECA,2020,25,149,6,5.09,17,33
Tanzania,TZA,SSA,2020,38,94,9,0.80,37,39
Thailand,THA,AP,2020,36,104,9,1.31,34,38
Timor-Leste,TLS,AP,2020,40,86,4,2.71,36,44
Togo,TGO,SSA,2020,29,134,7,1.75,26,32
Trinidad and Tobago,TTO,AME,2020,40,86,7,3.73,34,46
Tunisia,TUN,MENA,2020,44,69,7,2.83,39,49
Turkey,TUR,ECA,2020,40,86,9,2.06,37,43
Turkmenistan,TKM,ECA,2020,19,165,5,0.91,18,20
Uganda,UGA,SSA,2020,27,142,9,1.15,25,29
Ukraine,UKR,ECA,2020,33,117,9,1.31,31,35
United Arab Emirates,ARE,MENA,2020,71,21,8,3.23,66,76
United Kingdom,GBR,WE/EU,2020,77,11,8,2.20,73,81
United States of America,USA,AME,2020,67,25,9,2.49,63,71
Uruguay,URY,AME,2020,71,21,7,1.72,68,74
Uzbekistan,UZB,ECA,2020,26,146,7,1.52,24,28
Vanuatu,VUT,AP,2020,43,75,3,3.59,37,49
Venezuela,VEN,AME,2020,15,176,8,0.91,14,16
Vietnam,VNM,AP,2020,36,104,8,1.81,33,39
Yemen,YEM,MENA,2020,15,176,7,1.33,13,17
Zambia,ZMB,SSA,2020,33,117,9,0.96,31,35
Zimbabwe,ZWE,SSA,2020,24,157,9,1.35,22,26
Afghanistan,AFG,AP,2019,16,173,5,2.55,12,20
Albania,ALB,ECA,2019,35,106,8,2.51,31,39
Algeria,DZA,MENA,2019,35,106,7,2.59,31,39
Angola,AGO,SSA,2019,26,146,7,1.82,23,29
Argentina,ARG,AME,2019,45,66,8,3.29,40,50
Armenia,ARM,ECA,2019,42,77,6,4.31,35,49
Australia,AUS,AP,2019,77,12,9,1.32,75,79
Austria,AUT,WE/EU,2019,77,12,8,1.57,74,80
Azerbaijan,AZE,ECA,2019,30,126,7,7.16,18,42
Bahamas,BHS,AME,2019,64,29,3,5.83,54,74
Bahrain,BHR,MENA,2019,42,77,6,7.65,29,55
Bangladesh,BGD,AP,2019,26,146,8,2.62,22,30
Barbados,BRB,AME,2019,62,30,4,6.06,52,72
Belarus,BLR,ECA,2019,45,66,7,4.20,38,52
Belgium,BEL,WE/EU,2019,75,17,7,1.09,73,77
Benin,BEN,SSA,2019,41,80,7,2.64,37,45
Bhutan,BTN,AP,2019,68,25,4,2.76,63,73
Bolivia,BOL,AME,2019,31,123,7,3.00,26,36
Bosnia and Herzegovina,BIH,ECA,2019,36,101,7,1.95,33,39
Botswana,BWA,SSA,2019,61,34,7,3.73,55,67
Brazil,BRA,AME,2019,35,106,8,4.06,28,42
Brunei Darussalam,BRN,AP,2019,60,35,3,6.12,50,70
Bulgaria,BGR,WE/EU,2019,43,74,10,2.77,38,48
Burkina Faso,BFA,SSA,2019,40,85,8,2.54,36,44
Burundi,BDI,SSA,2019,19,165,6,4.89,11,27
Cabo Verde,CPV,SSA,2019,58,41,4,4.30,51,65
Cambodia,KHM,AP,2019,20,162,8,3.41,14,26
Cameroon,CMR,SSA,2019,25,153,9,2.42,21,29
Canada,CAN,AME,2019,77,12,8,2.80,72,82
Central African Republic,CAF,SSA,2019,25,153,5,1.43,23,27
Chad,TCD,SSA,2019,20,162,6,2.45,16,24
Chile,CHL,AME,2019,67,26,9,2.55,63,71
China,CHN,AP,2019,41,80,8,2.10,38,44
Colombia,COL,AME,2019,37,96,8,2.49,33,41
Comoros,COM,SSA,2019,25,153,4,8.90,10,40
Congo,COG,SSA,2019,19,165,6,1.03,17,21
Costa Rica,CRI,AME,2019,56,44,7,3.97,49,63
Croatia,HRV,WE/EU,2019,47,63,10,2.42,43,51
Cuba,CUB,AME,2019,48,60,5,1.87,45,51
Cyprus,CYP,WE/EU,2019,58,41,7,3.41,52,64
Czechia,CZE,WE/EU,2019,56,44,10,1.87,53,59
Côte d'Ivoire,CIV,SSA,2019,35,106,9,2.49,31,39
Democratic Republic of the Congo,COD,SSA,2019,18,168,9,1.43,16,20
Denmark,DNK,WE/EU,2019,87,1,8,2.54,83,91
Djibouti,DJI,SSA,2019,30,126,5,4.28,23,37
Dominica,DMA,AME,2019,55,48,3,2.16,51,59
Dominican Republic,DOM,AME,2019,28,137,7,2.70,24,32
Ecuador,ECU,AME,2019,38,93,7,2.19,34,42
Egypt,EGY,MENA,2019,35,106,7,4.86,27,43
El Salvador,SLV,AME,2019,34,113,7,2.56,30,38
Equatorial Guinea,GNQ,SSA,2019,16,173,4,3.00,11,21
Eritrea,ERI,SSA,2019,23,160,5,6.66,12,34
Estonia,EST,WE/EU,2019,74,18,10,1.21,72,76
Eswatini,SWZ,SSA,2019,34,113,4,6.08,24,44
Ethiopia,ETH,SSA,2019,37,96,9,1.52,35,39
Finland,FIN,WE/EU,2019,86,3,8,2.92,81,91
France,FRA,WE/EU,2019,69,23,8,2.28,65,73
Gabon,GAB,SSA,2019,31,123,6,2.41,27,35
Gambia,GMB,SSA,2019,37,96,7,5.98,27,47
Georgia,GEO,ECA,2019,56,44,5,3.84,50,62
Germany,DEU,WE/EU,2019,80,9,8,3.31,75,85
Ghana,GHA,SSA,2019,41,80,9,2.76,36,46
Greece,GRC,WE/EU,2019,48,60,8,2.57,44,52
Grenada,GRD,AME,2019,53,51,3,4.37,46,60
Guatemala,GTM,AME,2019,26,146,7,2.23,22,30
Guinea,GIN,SSA,2019,29,130,8,2.50,25,33
Guinea-Bissau,GNB,SSA,2019,18,168,6,2.91,13,23
Guyana,GUY,AME,2019,40,85,5,3.34,35,45
Haiti,HTI,AME,2019,18,168,6,3.23,13,23
Honduras,HND,AME,2019,26,146,7,3.25,21,31
Hong Kong,HKG,AP,2019,76,16,8,3.15,71,81
Hungary,HUN,WE/EU,2019,44,70,10,2.58,40,48
Iceland,ISL,WE/EU,2019,78,11,7,4.63,70,86
India,IND,AP,2019,41,80,9,1.60,38,44
Indonesia,IDN,AP,2019,40,85,9,3.76,34,46
Iran,IRN,MENA,2019,26,146,7,3.63,20,32
Iraq,IRQ,MENA,2019,20,162,5,2.98,15,25
Ireland,IRL,WE/EU,2019,74,18,7,3.61,68,80
Israel,ISR,MENA,2019,60,35,7,1.99,57,63
Italy,ITA,WE/EU,2019,53,51,8,3.22,48,58
Jamaica,JAM,AME,2019,43,74,7,3.58,37,49
Japan,JPN,AP,2019,73,20,9,3.51,67,79
Jordan,JOR,MENA,2019,48,60,8,3.29,43,53
Kazakhstan,KAZ,ECA,2019,34,113,9,4.18,27,41
Kenya,KEN,SSA,2019,28,137,9,2.17,24,32
Kosovo,KSV,ECA,2019,36,101,5,0.81,35,37
Kuwait,KWT,MENA,2019,40,85,6,1.88,37,43
Kyrgyzstan,KGZ,ECA,2019,30,126,7,2.54,26,34
Laos,LAO,AP,2019,29,130,5,5.00,21,37
Latvia,LVA,WE/EU,2019,56,44,9,3.53,50,62
Lebanon,LBN,MENA,2019,28,137,7,2.27,24,32
Lesotho,LSO,SSA,2019,40,85,6,3.95,34,46
Liberia,LBR,SSA,2019,28,137,7,2.67,24,32
Libya,LBY,MENA,2019,18,168,5,2.24,14,22
Lithuania,LTU,WE/EU,2019,60,35,9,2.32,56,64
Luxembourg,LUX,WE/EU,2019,80,9,7,1.95,77,83
Madagascar,MDG,SSA,2019,24,158,8,2.48,20,28
Malawi,MWI,SSA,2019,31,123,9,1.78,28,34
Malaysia,MYS,AP,2019,53,51,9,2.29,49,57
Maldives,MDV,AP,2019,29,130,3,2.57,25,33
Mali,MLI,SSA,2019,29,130,8,2.62,25,33
Malta,MLT,WE/EU,2019,54,50,6,1.55,51,57
Mauritania,MRT,SSA,2019,28,137,6,2.73,24,32
Mauritius,MUS,SSA,2019,52,56,6,3.12,47,57
Mexico,MEX,AME,2019,29,130,9,1.73,26,32
Moldova,MDA,ECA,2019,32,120,9,2.40,28,36
Mongolia,MNG,AP,2019,35,106,9,1.89,32,38
Montenegro,MNE,ECA,2019,45,66,5,4.84,37,53
Morocco,MAR,MENA,2019,41,80,7,3.15,36,46
Mozambique,MOZ,SSA,2019,26,146,9,2.98,21,31
Myanmar,MMR,AP,2019,29,130,7,4.21,22,36
Namibia,NAM,SSA,2019,52,56,7,3.13,47,57
Nepal,NPL,AP,2019,34,113,6,1.76,31,37
Netherlands,NLD,WE/EU,2019,82,8,8,2.25,78,86
New Zealand,NZL,AP,2019,87,1,8,2.29,83,91
Nicaragua,NIC,AME,2019,22,161,7,1.16,20,24
Niger,NER,SSA,2019,32,120,7,1.72,29,35
Nigeria,NGA,SSA,2019,26,146,8,1.87,23,29
North Korea,PRK,AP,2019,17,172,4,3.16,12,22
North Macedonia,MKD,ECA,2019,35,106,7,3.56,29,41
Norway,NOR,WE/EU,2019,84,7,7,1.65,81,87
Oman,OMN,MENA,2019,52,56,6,9.78,36,68
Pakistan,PAK,AP,2019,32,120,8,2.46,28,36
Panama,PAN,AME,2019,36,101,7,1.37,34,38
Papua New Guinea,PNG,AP,2019,28,137,6,2.38,24,32
Paraguay,PRY,AME,2019,28,137,6,2.84,23,33
Peru,PER,AME,2019,36,101,8,3.07,31,41
Philippines,PHL,AP,2019,34,113,9,1.59,31,37
Poland,POL,WE/EU,2019,58,41,10,1.85,55,61
Portugal,PRT,WE/EU,2019,62,30,8,2.82,57,67
Qatar,QAT,MENA,2019,62,30,7,8.00,49,75
Romania,ROU,WE/EU,2019,44,70,10,2.76,39,49
Russia,RUS,ECA,2019,28,137,9,2.48,24,32
Rwanda,RWA,SSA,2019,53,51,7,4.75,45,61
Saint Lucia,LCA,AME,2019,55,48,3,4.15,48,62
Saint Vincent and the Grenadines,VCT,AME,2019,59,39,3,4.14,52,66
Sao Tome and Principe,STP,SSA,2019,46,64,4,5.36,37,55
Saudi Arabia,SAU,MENA,2019,53,51,7,7.56,41,65
Senegal,SEN,SSA,2019,45,66,9,2.06,42,48
Serbia,SRB,ECA,2019,39,91,8,2.48,35,43
Seychelles,SYC,SSA,2019,66,27,4,3.40,60,72
Sierra Leone,SLE,SSA,2019,33,119,8,3.47,27,39
Singapore,SGP,AP,2019,85,4,9,2.05,82,88
Slovakia,SVK,WE/EU,2019,50,59,9,4.57,43,57
Slovenia,SVN,WE/EU,2019,60,35,10,2.28,56,64
Solomon Islands,SLB,AP,2019,42,77,3,8.69,28,56
Somalia,SOM,SSA,2019,9,180,5,1.74,6,12
South Africa,ZAF,SSA,2019,44,70,8,3.44,38,50
South Korea,KOR,AP,2019,59,39,10,2.44,55,63
South Sudan,SSD,SSA,2019,12,179,5,1.26,10,14
Spain,ESP,WE/EU,2019,62,30,8,3.17,57,67
Sri Lanka,LKA,AP,2019,38,93,7,2.11,35,41
Sudan,SDN,SSA,2019,16,173,7,2.74,12,20
Suriname,SUR,AME,2019,44,70,4,4.76,36,52
Sweden,SWE,WE/EU,2019,85,4,8,1.98,82,88
Switzerland,CHE,WE/EU,2019,85,4,7,1.58,82,88
Syria,SYR,MENA,2019,13,178,5,1.92,10,16
Taiwan,TWN,AP,2019,65,28,8,3.03,60,70
Tajikistan,TJK,ECA,2019,25,153,6,6.66,14,36
Tanzania,TZA,SSA,2019,37,96,9,1.92,34,40
Thailand,THA,AP,2019,36,101,9,2.45,32,40
Timor-Leste,TLS,AP,2019,38,93,4,4.50,31,45
Togo,TGO,SSA,2019,29,130,7,2.40,25,33
Trinidad and Tobago,TTO,AME,2019,40,85,7,5.38,31,49
Tunisia,TUN,MENA,2019,43,74,7,3.94,37,49
Turkey,TUR,ECA,2019,39,91,9,3.34,34,44
Turkmenistan,TKM,ECA,2019,19,165,5,1.42,17,21
Uganda,UGA,SSA,2019,28,137,9,2.04,25,31
Ukraine,UKR,ECA,2019,30,126,9,2.38,26,34
United Arab Emirates,ARE,MENA,2019,71,21,8,5.13,63,79
United Kingdom,GBR,WE/EU,2019,77,12,8,3.34,72,82
United States of America,USA,AME,2019,69,23,9,4.12,62,76
Uruguay,URY,AME,2019,71,21,7,2.47,67,75
Uzbekistan,UZB,ECA,2019,25,153,7,2.01,22,28
Vanuatu,VUT,AP,2019,46,64,3,6.38,36,56
Venezuela,VEN,AME,2019,16,173,8,2.05,13,19
Vietnam,VNM,AP,2019,37,96,8,2.84,32,42
Yemen,YEM,MENA,2019,15,177,7,1.89,12,18
Zambia,ZMB,SSA,2019,34,113,9,1.97,31,37
Zimbabwe,ZWE,SSA,2019,24,158,9,2.31,20,28
Afghanistan,AFG,AP,2018,16,172,5,1.41,14,18
Albania,ALB,ECA,2018,36,99,8,1.65,33,39
Algeria,DZA,MENA,2018,35,105,6,1.21,33,37
Angola,AGO,SSA,2018,19,165,6,1.31,17,21
Argentina,ARG,AME,2018,40,85,8,2.70,36,44
Armenia,ARM,ECA,2018,35,105,6,4.00,28,42
Australia,AUS,AP,2018,77,13,9,1.27,75,79
Austria,AUT,WE/EU,2018,76,14,8,1.37,74,78
Azerbaijan,AZE,ECA,2018,25,152,6,4.09,18,32
Bahamas,BHS,AME,2018,65,29,3,5.39,56,74
Bahrain,BHR,MENA,2018,36,99,4,1.81,33,39
Bangladesh,BGD,AP,2018,26,149,8,2.63,22,30
Barbados,BRB,AME,2018,68,25,3,3.12,63,73
Belarus,BLR,ECA,2018,44,70,7,3.92,38,50
Belgium,BEL,WE/EU,2018,75,17,8,1.09,73,77
Benin,BEN,SSA,2018,40,85,6,3.14,35,45
Bhutan,BTN,AP,2018,68,25,4,2.86,63,73
Bolivia,BOL,AME,2018,29,132,7,3.60,23,35
Bosnia and Herzegovina,BIH,ECA,2018,38,89,7,1.86,35,41
Botswana,BWA,SSA,2018,61,34,7,2.76,56,66
Brazil,BRA,AME,2018,35,105,8,4.05,28,42
Brunei Darussalam,BRN,AP,2018,63,31,3,6.62,52,74
Bulgaria,BGR,WE/EU,2018,42,77,10,2.41,38,46
Burkina Faso,BFA,SSA,2018,41,78,8,1.81,38,44
Burundi,BDI,SSA,2018,17,170,5,2.65,13,21
Cabo Verde,CPV,SSA,2018,57,45,4,4.22,50,64
Cambodia,KHM,AP,2018,20,161,8,2.58,16,24
Cameroon,CMR,SSA,2018,25,152,9,2.43,21,29
Canada,CAN,AME,2018,81,9,8,2.16,77,85
Central African Republic,CAF,SSA,2018,26,149,5,1.14,24,28
Chad,TCD,SSA,2018,19,165,6,2.94,14,24
Chile,CHL,AME,2018,67,27,9,1.88,64,70
China,CHN,AP,2018,39,87,8,2.02,36,42
Colombia,COL,AME,2018,36,99,8,2.51,32,40
Comoros,COM,SSA,2018,27,144,4,9.00,12,42
Congo,COG,SSA,2018,19,165,6,1.04,17,21
Costa Rica,CRI,AME,2018,56,48,7,3.65,50,62
Croatia,HRV,WE/EU,2018,48,60,10,2.77,43,53
Cuba,CUB,AME,2018,47,61,5,2.56,43,51
Cyprus,CYP,WE/EU,2018,59,38,7,3.54,53,65
Czechia,CZE,WE/EU,2018,59,38,10,2.28,55,63
Côte d'Ivoire,CIV,SSA,2018,35,105,9,2.05,32,38
Democratic Republic of the Congo,COD,SSA,2018,20,161,8,2.13,17,23
Denmark,DNK,WE/EU,2018,88,1,8,2.63,84,92
Djibouti,DJI,SSA,2018,31,124,4,5.38,22,40
Dominica,DMA,AME,2018,57,45,3,2.55,53,61
Dominican Republic,DOM,AME,2018,30,129,7,2.57,26,34
Ecuador,ECU,AME,2018,34,114,7,3.46,28,40
Egypt,EGY,MENA,2018,35,105,7,4.59,27,43
El Salvador,SLV,AME,2018,35,105,7,2.59,31,39
Equatorial Guinea,GNQ,SSA,2018,16,172,3,2.82,11,21
Eritrea,ERI,SSA,2018,24,157,5,8.24,10,38
Estonia,EST,WE/EU,2018,73,18,10,1.44,71,75
Eswatini,SWZ,SSA,2018,38,89,3,4.48,31,45
Ethiopia,ETH,SSA,2018,34,114,8,1.52,32,36
Finland,FIN,WE/EU,2018,85,3,8,2.74,81,89
France,FRA,WE/EU,2018,72,21,8,1.17,70,74
Gabon,GAB,SSA,2018,31,124,4,3.92,25,37
Gambia,GMB,SSA,2018,37,93,6,9.44,22,52
Georgia,GEO,ECA,2018,58,41,6,3.92,52,64
Germany,DEU,WE/EU,2018,80,11,8,2.49,76,84
Ghana,GHA,SSA,2018,41,78,9,2.54,37,45
Greece,GRC,WE/EU,2018,45,67,8,2.51,41,49
Grenada,GRD,AME,2018,52,53,3,3.00,47,57
Guatemala,GTM,AME,2018,27,144,7,2.56,23,31
Guinea,GIN,SSA,2018,28,138,6,2.67,24,32
Guinea-Bissau,GNB,SSA,2018,16,172,5,1.97,13,19
Guyana,GUY,AME,2018,37,93,5,0.77,36,38
Haiti,HTI,AME,2018,20,161,6,2.47,16,24
Honduras,HND,AME,2018,29,132,8,2.42,25,33
Hong Kong,HKG,AP,2018,76,14,8,2.47,72,80
Hungary,HUN,WE/EU,2018,46,64,10,2.79,41,51
Iceland,ISL,WE/EU,2018,76,14,7,4.33,69,83
India,IND,AP,2018,41,78,9,2.42,37,45
Indonesia,IDN,AP,2018,38,89,9,3.35,33,43
Iran,IRN,MENA,2018,28,138,7,2.89,23,33
Iraq,IRQ,MENA,2018,18,168,5,2.63,14,22
Ireland,IRL,WE/EU,2018,73,18,7,3.25,68,78
Israel,ISR,MENA,2018,61,34,7,1.49,59,63
Italy,ITA,WE/EU,2018,52,53,8,3.29,47,57
Jamaica,JAM,AME,2018,44,70,7,3.37,38,50
Japan,JPN,AP,2018,73,18,9,2.85,68,78
Jordan,JOR,MENA,2018,49,58,8,3.21,44,54
Kazakhstan,KAZ,ECA,2018,31,124,9,3.60,25,37
Kenya,KEN,SSA,2018,27,144,9,1.82,24,30
Kosovo,KSV,ECA,2018,37,93,5,1.49,35,39
Kuwait,KWT,MENA,2018,41,78,6,3.47,35,47
Kyrgyzstan,KGZ,ECA,2018,29,132,7,2.37,25,33
Laos,LAO,AP,2018,29,132,5,5.70,20,38
Latvia,LVA,WE/EU,2018,58,41,9,2.95,53,63
Lebanon,LBN,MENA,2018,28,138,7,2.28,24,32
Lesotho,LSO,SSA,2018,41,78,6,3.67,35,47
Liberia,LBR,SSA,2018,32,120,8,3.31,27,37
Libya,LBY,MENA,2018,17,170,5,2.57,13,21
Lithuania,LTU,WE/EU,2018,59,38,9,2.30,55,63
Luxembourg,LUX,WE/EU,2018,81,9,7,2.32,77,85
Madagascar,MDG,SSA,2018,25,152,7,2.64,21,29
Malawi,MWI,SSA,2018,32,120,9,2.61,28,36
Malaysia,MYS,AP,2018,47,61,9,2.86,42,52
Maldives,MDV,AP,2018,31,124,3,2.24,27,35
Mali,MLI,SSA,2018,32,120,7,1.38,30,34
Malta,MLT,WE/EU,2018,54,51,5,1.39,52,56
Mauritania,MRT,SSA,2018,27,144,6,2.95,22,32
Mauritius,MUS,SSA,2018,51,56,5,3.83,45,57
Mexico,MEX,AME,2018,28,138,9,1.83,25,31
Moldova,MDA,ECA,2018,33,117,9,2.13,30,36
Mongolia,MNG,AP,2018,37,93,9,1.94,34,40
Montenegro,MNE,ECA,2018,45,67,5,4.43,38,52
Morocco,MAR,MENA,2018,43,73,7,3.68,37,49
Mozambique,MOZ,SSA,2018,23,158,8,2.64,19,27
Myanmar,MMR,AP,2018,29,132,7,3.94,23,35
Namibia,NAM,SSA,2018,53,52,6,3.72,47,59
Nepal,NPL,AP,2018,31,124,6,1.85,28,34
Netherlands,NLD,WE/EU,2018,82,8,8,2.30,78,86
New Zealand,NZL,AP,2018,87,2,8,2.44,83,91
Nicaragua,NIC,AME,2018,25,152,8,1.13,23,27
Niger,NER,SSA,2018,34,114,6,2.98,29,39
Nigeria,NGA,SSA,2018,27,144,9,2.03,24,30
North Korea,PRK,AP,2018,14,176,4,1.39,12,16
North Macedonia,MKD,ECA,2018,37,93,7,3.38,31,43
Norway,NOR,WE/EU,2018,84,7,8,2.14,80,88
Oman,OMN,MENA,2018,52,53,6,9.46,36,68
Pakistan,PAK,AP,2018,33,117,8,2.06,30,36
Panama,PAN,AME,2018,37,93,7,1.76,34,40
Papua New Guinea,PNG,AP,2018,28,138,6,2.47,24,32
Paraguay,PRY,AME,2018,29,132,6,3.05,24,34
Peru,PER,AME,2018,35,105,8,3.10,30,40
Philippines,PHL,AP,2018,36,99,9,1.55,33,39
Poland,POL,WE/EU,2018,60,36,10,1.69,57,63
Portugal,PRT,WE/EU,2018,64,30,8,2.14,60,68
Qatar,QAT,MENA,2018,62,33,7,8.08,49,75
Romania,ROU,WE/EU,2018,47,61,10,3.25,42,52
Russia,RUS,ECA,2018,28,138,9,2.51,24,32
Rwanda,RWA,SSA,2018,56,48,6,6.07,46,66
Saint Lucia,LCA,AME,2018,55,50,3,4.27,48,62
Saint Vincent and the Grenadines,VCT,AME,2018,58,41,3,3.39,52,64
Sao Tome and Principe,STP,SSA,2018,46,64,4,5.05,38,54
Saudi Arabia,SAU,MENA,2018,49,58,7,6.34,39,59
Senegal,SEN,SSA,2018,45,67,9,2.51,41,49
Serbia,SRB,ECA,2018,39,87,8,2.89,34,44
Seychelles,SYC,SSA,2018,66,28,4,3.08,61,71
Sierra Leone,SLE,SSA,2018,30,129,9,2.17,26,34
Singapore,SGP,AP,2018,85,3,9,1.98,82,88
Slovakia,SVK,WE/EU,2018,50,57,9,4.11,43,57
Slovenia,SVN,WE/EU,2018,60,36,10,2.37,56,64
Solomon Islands,SLB,AP,2018,44,70,3,7.38,32,56
Somalia,SOM,SSA,2018,10,180,6,3.08,5,15
South Africa,ZAF,SSA,2018,43,73,8,3.80,37,49
South Korea,KOR,AP,2018,57,45,10,2.74,53,61
South Sudan,SSD,SSA,2018,13,178,5,1.86,10,16
Spain,ESP,WE/EU,2018,58,41,8,4.33,51,65
Sri Lanka,LKA,AP,2018,38,89,7,1.85,35,41
Sudan,SDN,SSA,2018,16,172,7,2.51,12,20
Suriname,SUR,AME,2018,43,73,4,3.22,38,48
Sweden,SWE,WE/EU,2018,85,3,8,2.02,82,88
Switzerland,CHE,WE/EU,2018,85,3,7,1.57,82,88
Syria,SYR,MENA,2018,13,178,5,1.92,10,16
Taiwan,TWN,AP,2018,63,31,8,3.06,58,68
Tajikistan,TJK,ECA,2018,25,152,6,5.73,16,34
Tanzania,TZA,SSA,2018,36,99,9,1.83,33,39
Thailand,THA,AP,2018,36,99,9,2.08,33,39
Timor-Leste,TLS,AP,2018,35,105,3,4.81,27,43
Togo,TGO,SSA,2018,30,129,6,2.35,26,34
Trinidad and Tobago,TTO,AME,2018,41,78,6,5.80,31,51
Tunisia,TUN,MENA,2018,43,73,7,3.86,37,49
Turkey,TUR,ECA,2018,41,78,9,3.03,36,46
Turkmenistan,TKM,ECA,2018,20,161,5,1.22,18,22
Uganda,UGA,SSA,2018,26,149,9,2.13,23,29
Ukraine,UKR,ECA,2018,32,120,9,2.27,28,36
United Arab Emirates,ARE,MENA,2018,70,23,8,4.56,63,77
United Kingdom,GBR,WE/EU,2018,80,11,8,2.03,77,83
United States of America,USA,AME,2018,71,22,9,3.25,66,76
Uruguay,URY,AME,2018,70,23,7,2.73,66,74
Uzbekistan,UZB,ECA,2018,23,158,7,1.93,20,26
Vanuatu,VUT,AP,2018,46,64,3,5.97,36,56
Venezuela,VEN,AME,2018,18,168,8,2.13,15,21
Vietnam,VNM,AP,2018,33,117,8,2.84,28,38
Yemen,YEM,MENA,2018,14,176,7,1.45,12,16
Zambia,ZMB,SSA,2018,35,105,9,1.93,32,38
Zimbabwe,ZWE,SSA,2018,22,160,9,2.29,18,26
Afghanistan,AFG,AP,2017,15,177,5,1.39,13,17
Albania,ALB,ECA,2017,38,91,8,1.81,35,41
Algeria,DZA,MENA,2017,33,112,6,2.32,29,37
Angola,AGO,SSA,2017,19,167,5,1.28,17,21
Argentina,ARG,AME,2017,39,85,8,2.92,34,44
Armenia,ARM,ECA,2017,35,107,6,3.79,29,41
Australia,AUS,AP,2017,77,13,9,1.40,75,79
Austria,AUT,WE/EU,2017,75,16,8,1.17,73,77
Azerbaijan,AZE,ECA,2017,31,122,7,5.64,22,40
Bahamas,BHS,AME,2017,65,28,3,5.39,56,74
Bahrain,BHR,MENA,2017,36,103,4,1.81,33,39
Bangladesh,BGD,AP,2017,28,143,8,3.19,23,33
Barbados,BRB,AME,2017,68,25,3,3.24,63,73
Belarus,BLR,ECA,2017,44,68,7,4.12,37,51
Belgium,BEL,WE/EU,2017,75,16,8,1.63,72,78
Benin,BEN,SSA,2017,39,85,6,4.17,32,46
Bhutan,BTN,AP,2017,67,26,5,1.83,64,70
Bolivia,BOL,AME,2017,33,112,6,2.98,28,38
Bosnia and Herzegovina,BIH,ECA,2017,38,91,7,2.56,34,42
Botswana,BWA,SSA,2017,61,34,7,2.74,57,65
Brazil,BRA,AME,2017,37,96,8,4.24,30,44
Brunei Darussalam,BRN,AP,2017,62,32,3,8.72,48,76
Bulgaria,BGR,WE/EU,2017,43,71,10,2.66,39,47
Burkina Faso,BFA,SSA,2017,42,74,7,2.18,38,46
Burundi,BDI,SSA,2017,22,157,6,3.29,17,27
Cabo Verde,CPV,SSA,2017,55,48,4,4.19,48,62
Cambodia,KHM,AP,2017,21,161,8,2.43,17,25
Cameroon,CMR,SSA,2017,25,153,9,2.58,21,29
Canada,CAN,AME,2017,82,8,8,1.49,80,84
Central African Republic,CAF,SSA,2017,23,156,5,3.28,18,28
Chad,TCD,SSA,2017,20,165,6,2.73,16,24
Chile,CHL,AME,2017,67,26,9,2.03,64,70
China,CHN,AP,2017,41,77,9,1.96,38,44
Colombia,COL,AME,2017,37,96,8,2.77,32,42
Comoros,COM,SSA,2017,27,148,4,8.87,12,42
Congo,COG,SSA,2017,21,161,6,1.08,19,23
Costa Rica,CRI,AME,2017,59,38,7,2.98,54,64
Croatia,HRV,WE/EU,2017,49,57,10,2.64,45,53
Cuba,CUB,AME,2017,47,62,5,2.36,43,51
Cyprus,CYP,WE/EU,2017,57,42,7,3.78,51,63
Czechia,CZE,WE/EU,2017,57,42,10,1.98,54,60
Côte d'Ivoire,CIV,SSA,2017,36,103,8,2.03,33,39
Democratic Republic of the Congo,COD,SSA,2017,21,161,8,1.96,18,24
Denmark,DNK,WE/EU,2017,88,2,8,2.75,83,93
Djibouti,DJI,SSA,2017,31,122,4,5.32,22,40
Dominica,DMA,AME,2017,57,42,3,2.55,53,61
Dominican Republic,DOM,AME,2017,29,135,7,2.56,25,33
Ecuador,ECU,AME,2017,32,117,7,2.66,28,36
Egypt,EGY,MENA,2017,32,117,7,4.04,25,39
El Salvador,SLV,AME,2017,33,112,7,3.25,28,38
Equatorial Guinea,GNQ,SSA,2017,17,171,3,3.56,11,23
Eritrea,ERI,SSA,2017,20,165,5,5.74,11,29
Estonia,EST,WE/EU,2017,71,21,10,2.21,67,75
Eswatini,SWZ,SSA,2017,39,85,3,5.81,29,49
Ethiopia,ETH,SSA,2017,35,107,9,1.36,33,37
Finland,FIN,WE/EU,2017,85,3,8,2.84,80,90
France,FRA,WE/EU,2017,70,23,8,1.36,68,72
Gabon,GAB,SSA,2017,32,117,4,3.22,27,37
Gambia,GMB,SSA,2017,30,130,6,6.22,20,40
Georgia,GEO,ECA,2017,56,46,6,3.10,51,61
Germany,DEU,WE/EU,2017,81,12,8,1.87,78,84
Ghana,GHA,SSA,2017,40,81,9,2.56,36,44
Greece,GRC,WE/EU,2017,48,59,8,2.98,43,53
Grenada,GRD,AME,2017,52,52,3,3.00,47,57
Guatemala,GTM,AME,2017,28,143,7,2.19,24,32
Guinea,GIN,SSA,2017,27,148,7,2.37,23,31
Guinea-Bissau,GNB,SSA,2017,17,171,5,1.70,14,20
Guyana,GUY,AME,2017,38,91,5,1.84,35,41
Haiti,HTI,AME,2017,22,157,6,2.05,19,25
Honduras,HND,AME,2017,29,135,8,2.32,25,33
Hong Kong,HKG,AP,2017,77,13,7,2.37,73,81
Hungary,HUN,WE/EU,2017,45,66,10,2.89,40,50
Iceland,ISL,WE/EU,2017,77,13,7,4.38,70,84
India,IND,AP,2017,40,81,9,2.16,36,44
Indonesia,IDN,AP,2017,37,96,9,3.12,32,42
Iran,IRN,MENA,2017,30,130,7,3.51,24,36
Iraq,IRQ,MENA,2017,18,169,5,2.47,14,22
Ireland,IRL,WE/EU,2017,74,19,7,3.68,68,80
Israel,ISR,MENA,2017,62,32,7,2.19,58,66
Italy,ITA,WE/EU,2017,50,54,8,3.72,44,56
Jamaica,JAM,AME,2017,44,68,7,3.96,37,51
Japan,JPN,AP,2017,73,20,9,2.66,69,77
Jordan,JOR,MENA,2017,48,59,8,2.99,43,53
Kazakhstan,KAZ,ECA,2017,31,122,9,3.59,25,37
Kenya,KEN,SSA,2017,28,143,9,1.94,25,31
Kosovo,KSV,ECA,2017,39,85,5,2.13,36,42
Kuwait,KWT,MENA,2017,39,85,6,2.47,35,43
Kyrgyzstan,KGZ,ECA,2017,29,135,7,2.59,25,33
Laos,LAO,AP,2017,29,135,5,5.89,19,39
Latvia,LVA,WE/EU,2017,58,40,9,3.21,53,63
Lebanon,LBN,MENA,2017,28,143,7,2.11,25,31
Lesotho,LSO,SSA,2017,42,74,6,4.08,35,49
Liberia,LBR,SSA,2017,31,122,8,3.24,26,36
Libya,LBY,MENA,2017,17,171,5,3.05,12,22
Lithuania,LTU,WE/EU,2017,59,38,9,2.21,55,63
Luxembourg,LUX,WE/EU,2017,82,8,6,2.08,79,85
Madagascar,MDG,SSA,2017,24,155,8,2.72,20,28
Malawi,MWI,SSA,2017,31,122,9,1.85,28,34
Malaysia,MYS,AP,2017,47,62,9,2.67,43,51
Maldives,MDV,AP,2017,33,112,3,1.71,30,36
Mali,MLI,SSA,2017,31,122,7,2.08,28,34
Malta,MLT,WE/EU,2017,56,46,5,1.18,54,58
Mauritania,MRT,SSA,2017,28,143,6,2.41,24,32
Mauritius,MUS,SSA,2017,50,54,5,4.41,43,57
Mexico,MEX,AME,2017,29,135,9,1.69,26,32
Moldova,MDA,ECA,2017,31,122,9,1.54,28,34
Mongolia,MNG,AP,2017,36,103,9,1.40,34,38
Montenegro,MNE,ECA,2017,46,64,5,2.45,42,50
Morocco,MAR,MENA,2017,40,81,7,2.60,36,44
Mozambique,MOZ,SSA,2017,25,153,8,2.87,20,30
Myanmar,MMR,AP,2017,30,130,7,3.91,24,36
Namibia,NAM,SSA,2017,51,53,6,3.22,46,56
Nepal,NPL,AP,2017,31,122,6,2.00,28,34
Netherlands,NLD,WE/EU,2017,82,8,8,2.23,78,86
New Zealand,NZL,AP,2017,89,1,8,2.40,85,93
Nicaragua,NIC,AME,2017,26,151,8,1.29,24,28
Niger,NER,SSA,2017,33,112,6,3.27,28,38
Nigeria,NGA,SSA,2017,27,148,9,1.97,24,30
North Korea,PRK,AP,2017,17,171,4,4.18,10,24
North Macedonia,MKD,ECA,2017,35,107,6,4.49,28,42
Norway,NOR,WE/EU,2017,85,3,8,1.83,82,88
Oman,OMN,MENA,2017,44,68,5,7.00,33,55
Pakistan,PAK,AP,2017,32,117,8,2.11,29,35
Panama,PAN,AME,2017,37,96,7,1.79,34,40
Papua New Guinea,PNG,AP,2017,29,135,6,2.55,25,33
Paraguay,PRY,AME,2017,29,135,6,3.10,24,34
Peru,PER,AME,2017,37,96,8,3.35,32,42
Philippines,PHL,AP,2017,34,111,9,1.90,31,37
Poland,POL,WE/EU,2017,60,36,10,1.36,58,62
Portugal,PRT,WE/EU,2017,63,29,8,2.56,59,67
Qatar,QAT,MENA,2017,63,29,7,7.50,51,75
Romania,ROU,WE/EU,2017,48,59,10,3.12,43,53
Russia,RUS,ECA,2017,29,135,9,2.50,25,33
Rwanda,RWA,SSA,2017,55,48,6,6.00,45,65
Saint Lucia,LCA,AME,2017,55,48,3,4.27,48,62
Saint Vincent and the Grenadines,VCT,AME,2017,58,40,3,3.39,52,64
Sao Tome and Principe,STP,SSA,2017,46,64,4,5.21,37,55
Saudi Arabia,SAU,MENA,2017,49,57,7,6.14,39,59
Senegal,SEN,SSA,2017,45,66,9,2.52,41,49
Serbia,SRB,ECA,2017,41,77,8,2.80,36,46
Seychelles,SYC,SSA,2017,60,36,4,8.32,46,74
Sierra Leone,SLE,SSA,2017,30,130,9,1.95,27,33
Singapore,SGP,AP,2017,84,6,9,2.26,80,88
Slovakia,SVK,WE/EU,2017,50,54,9,3.32,45,55
Slovenia,SVN,WE/EU,2017,61,34,10,2.78,56,66
Solomon Islands,SLB,AP,2017,39,85,3,3.71,33,45
Somalia,SOM,SSA,2017,9,180,5,2.26,5,13
South Africa,ZAF,SSA,2017,43,71,8,3.98,36,50
South Korea,KOR,AP,2017,54,51,10,2.24,50,58
South Sudan,SSD,SSA,2017,12,179,5,1.56,9,15
Spain,ESP,WE/EU,2017,57,42,8,3.78,51,63
Sri Lanka,LKA,AP,2017,38,91,7,1.82,35,41
Sudan,SDN,SSA,2017,16,175,7,2.31,12,20
Suriname,SUR,AME,2017,41,77,4,4.08,34,48
Sweden,SWE,WE/EU,2017,84,6,8,2.27,80,88
Switzerland,CHE,WE/EU,2017,85,3,7,1.71,82,88
Syria,SYR,MENA,2017,14,178,5,1.93,11,17
Taiwan,TWN,AP,2017,63,29,8,3.28,58,68
Tajikistan,TJK,ECA,2017,21,161,5,2.36,17,25
Tanzania,TZA,SSA,2017,36,103,9,1.55,33,39
Thailand,THA,AP,2017,37,96,9,2.03,34,40
Timor-Leste,TLS,AP,2017,38,91,3,7.50,26,50
Togo,TGO,SSA,2017,32,117,6,3.29,27,37
Trinidad and Tobago,TTO,AME,2017,41,77,6,5.47,32,50
Tunisia,TUN,MENA,2017,42,74,7,3.73,36,48
Turkey,TUR,ECA,2017,40,81,8,1.80,37,43
Turkmenistan,TKM,ECA,2017,19,167,5,1.78,16,22
Uganda,UGA,SSA,2017,26,151,9,2.11,23,29
Ukraine,UKR,ECA,2017,30,130,9,2.27,26,34
United Arab Emirates,ARE,MENA,2017,71,21,7,6.26,61,81
United Kingdom,GBR,WE/EU,2017,82,8,8,1.70,79,85
United States of America,USA,AME,2017,75,16,9,3.24,70,80
Uruguay,URY,AME,2017,70,23,7,2.67,66,74
Uzbekistan,UZB,ECA,2017,22,157,7,2.11,19,25
Vanuatu,VUT,AP,2017,43,71,3,3.93,37,49
Venezuela,VEN,AME,2017,18,169,8,1.60,15,21
Vietnam,VNM,AP,2017,35,107,8,2.78,30,40
Yemen,YEM,MENA,2017,16,175,7,1.85,13,19
Zambia,ZMB,SSA,2017,37,96,9,2.46,33,41
Zimbabwe,ZWE,SSA,2017,22,157,9,2.22,18,26
Afghanistan,AFG,AP,2016,15,169,5,1.74,12,17
Albania,ALB,ECA,2016,39,83,7,1.99,36,42
Algeria,DZA,MENA,2016,34,108,6,2.94,29,39
Angola,AGO,SSA,2016,18,164,4,1.68,15,21
Argentina,ARG,AME,2016,36,95,8,1.76,33,39
Armenia,ARM,ECA,2016,33,113,6,4.01,26,40
Australia,AUS,AP,2016,79,13,8,1.27,77,81
Austria,AUT,WE/EU,2016,75,17,7,1.36,73,77
Azerbaijan,AZE,ECA,2016,30,123,7,5.13,22,39
Bahamas,BHS,AME,2016,66,24,3,5.20,57,74
Bahrain,BHR,MENA,2016,43,70,5,5.96,33,53
Bangladesh,BGD,AP,2016,26,145,7,4.13,19,33
Barbados,BRB,AME,2016,61,31,3,6.91,50,73
Belarus,BLR,ECA,2016,40,79,7,3.93,33,46
Belgium,BEL,WE/EU,2016,77,15,7,1.55,74,79
Benin,BEN,SSA,2016,36,95,6,3.80,29,42
Bhutan,BTN,AP,2016,65,27,5,2.12,62,69
Bolivia,BOL,AME,2016,33,113,8,2.85,28,37
Bosnia and Herzegovina,BIH,ECA,2016,39,83,7,1.70,37,42
Botswana,BWA,SSA,2016,60,35,6,3.10,55,66
Brazil,BRA,AME,2016,40,79,8,4.34,33,47
Brunei Darussalam,BRN,AP,2016,58,41,3,8.85,43,72
Bulgaria,BGR,WE/EU,2016,41,75,9,2.20,38,45
Burkina Faso,BFA,SSA,2016,42,72,7,2.47,38,46
Burundi,BDI,SSA,2016,20,159,6,1.53,18,23
Cabo Verde,CPV,SSA,2016,59,38,3,5.72,50,68
Cambodia,KHM,AP,2016,21,156,8,2.82,16,26
Cameroon,CMR,SSA,2016,26,145,9,3.04,21,31
Canada,CAN,AME,2016,82,9,7,2.03,79,85
Central African Republic,CAF,SSA,2016,20,159,4,4.04,13,27
Chad,TCD,SSA,2016,20,159,5,2.67,16,24
Chile,CHL,AME,2016,66,24,8,2.65,61,70
China,CHN,AP,2016,40,79,8,2.39,37,44
Colombia,COL,AME,2016,37,90,8,2.27,34,41
Comoros,COM,SSA,2016,24,153,3,12.81,3,45
Congo,COG,SSA,2016,20,159,5,1.78,17,23
Costa Rica,CRI,AME,2016,58,41,7,3.17,53,63
Croatia,HRV,WE/EU,2016,49,55,9,2.39,45,53
Cuba,CUB,AME,2016,47,60,5,2.90,42,52
Cyprus,CYP,WE/EU,2016,55,47,5,5.94,46,65
Czechia,CZE,WE/EU,2016,55,47,9,2.24,51,59
Côte d'Ivoire,CIV,SSA,2016,34,108,8,2.03,31,38
Democratic Republic of the Congo,COD,SSA,2016,21,156,7,2.13,18,25
Denmark,DNK,WE/EU,2016,90,1,7,2.46,86,94
Djibouti,DJI,SSA,2016,30,123,3,8.23,17,44
Dominica,DMA,AME,2016,59,38,3,0.85,58,60
Dominican Republic,DOM,AME,2016,31,120,6,1.89,28,34
Ecuador,ECU,AME,2016,31,120,6,1.96,28,35
Egypt,EGY,MENA,2016,34,108,6,2.72,29,38
El Salvador,SLV,AME,2016,36,95,7,2.76,31,40
Eritrea,ERI,SSA,2016,18,164,5,6.24,8,28
Estonia,EST,WE/EU,2016,70,22,10,2.16,66,73
Ethiopia,ETH,SSA,2016,34,108,9,1.37,31,36
Finland,FIN,WE/EU,2016,89,3,7,1.46,87,92
France,FRA,WE/EU,2016,69,23,7,2.97,64,74
Gabon,GAB,SSA,2016,35,101,4,0.97,33,36
Gambia,GMB,SSA,2016,26,145,5,7.20,14,38
Georgia,GEO,ECA,2016,57,44,6,3.61,51,63
Germany,DEU,WE/EU,2016,81,10,7,2.73,77,86
Ghana,GHA,SSA,2016,43,70,9,2.89,39,48
Greece,GRC,WE/EU,2016,44,69,7,2.50,40,48
Grenada,GRD,AME,2016,56,46,3,4.63,48,63
Guatemala,GTM,AME,2016,28,136,6,2.58,24,32
Guinea,GIN,SSA,2016,27,142,5,2.54,22,31
Guinea-Bissau,GNB,SSA,2016,16,168,4,2.09,13,20
Guyana,GUY,AME,2016,34,108,6,3.57,29,40
Haiti,HTI,AME,2016,20,159,5,1.81,17,23
Honduras,HND,AME,2016,30,123,7,3.05,25,35
Hong Kong,HKG,AP,2016,77,15,7,2.62,73,82
Hungary,HUN,WE/EU,2016,48,57,9,2.89,43,53
Iceland,ISL,WE/EU,2016,78,14,6,3.81,71,84
India,IND,AP,2016,40,79,8,2.47,36,44
Indonesia,IDN,AP,2016,37,90,8,2.39,33,41
Iran,IRN,MENA,2016,29,131,7,2.47,25,33
Iraq,IRQ,MENA,2016,17,166,5,1.87,14,20
Ireland,IRL,WE/EU,2016,73,19,6,4.31,66,80
Israel,ISR,MENA,2016,64,28,6,2.27,60,68
Italy,ITA,WE/EU,2016,47,60,7,3.34,42,53
Jamaica,JAM,AME,2016,39,83,6,1.84,36,42
Japan,JPN,AP,2016,72,20,8,3.02,67,77
Jordan,JOR,MENA,2016,48,57,8,3.03,43,53
Kazakhstan,KAZ,ECA,2016,29,131,9,3.35,23,34
Kenya,KEN,SSA,2016,26,145,9,1.72,24,29
Kosovo,KSV,ECA,2016,36,95,5,3.17,31,41
Kuwait,KWT,MENA,2016,41,75,5,2.67,37,45
Kyrgyzstan,KGZ,ECA,2016,28,136,7,2.08,24,31
Laos,LAO,AP,2016,30,123,4,6.19,20,40
Latvia,LVA,WE/EU,2016,57,44,9,2.96,52,62
Lebanon,LBN,MENA,2016,28,136,7,2.50,24,32
Lesotho,LSO,SSA,2016,39,83,5,6.15,29,49
Liberia,LBR,SSA,2016,37,90,7,3.43,31,43
Libya,LBY,MENA,2016,14,170,4,2.00,11,17
Lithuania,LTU,WE/EU,2016,59,38,9,1.36,57,61
Luxembourg,LUX,WE/EU,2016,81,10,6,1.96,78,84
Madagascar,MDG,SSA,2016,26,145,7,2.88,21,30
Malawi,MWI,SSA,2016,31,120,9,2.11,28,35
Malaysia,MYS,AP,2016,49,55,8,2.46,45,53
Maldives,MDV,AP,2016,36,95,3,5.66,27,46
Mali,MLI,SSA,2016,32,116,6,1.75,29,35
Malta,MLT,WE/EU,2016,55,47,5,1.39,53,58
Mauritania,MRT,SSA,2016,27,142,5,3.62,21,33
Mauritius,MUS,SSA,2016,54,50,4,2.14,50,57
Mexico,MEX,AME,2016,30,123,8,1.56,28,33
Moldova,MDA,ECA,2016,30,123,9,2.18,27,34
Mongolia,MNG,AP,2016,38,87,9,1.70,35,41
Montenegro,MNE,ECA,2016,45,64,4,2.89,41,50
Morocco,MAR,MENA,2016,37,90,7,1.74,34,40
Mozambique,MOZ,SSA,2016,27,142,8,2.57,23,31
Myanmar,MMR,AP,2016,28,136,8,3.69,22,34
Namibia,NAM,SSA,2016,52,53,5,2.03,49,55
Nepal,NPL,AP,2016,29,131,6,2.33,25,33
Netherlands,NLD,WE/EU,2016,83,8,7,2.32,79,87
New Zealand,NZL,AP,2016,90,1,7,2.56,86,94
Nicaragua,NIC,AME,2016,26,145,7,1.98,23,29
Niger,NER,SSA,2016,35,101,5,3.25,29,40
Nigeria,NGA,SSA,2016,28,136,9,1.98,24,31
North Korea,PRK,AP,2016,12,174,3,1.39,10,15
North Macedonia,MKD,ECA,2016,37,90,7,4.97,29,45
Norway,NOR,WE/EU,2016,85,6,7,1.85,82,88
Oman,OMN,MENA,2016,45,64,5,7.07,33,56
Pakistan,PAK,AP,2016,32,116,7,2.12,28,35
Panama,PAN,AME,2016,38,87,6,2.29,34,42
Papua New Guinea,PNG,AP,2016,28,136,5,3.01,23,32
Paraguay,PRY,AME,2016,30,123,6,2.68,25,34
Peru,PER,AME,2016,35,101,7,2.04,32,39
Philippines,PHL,AP,2016,35,101,9,1.58,33,38
Poland,POL,WE/EU,2016,62,29,10,1.77,59,65
Portugal,PRT,WE/EU,2016,62,29,8,2.58,58,66
Qatar,QAT,MENA,2016,61,31,7,7.02,49,72
Romania,ROU,WE/EU,2016,48,57,10,3.00,43,53
Russia,RUS,ECA,2016,29,131,9,2.73,24,33
Rwanda,RWA,SSA,2016,54,50,6,5.07,46,62
Saint Lucia,LCA,AME,2016,60,35,3,6.80,49,71
Saint Vincent and the Grenadines,VCT,AME,2016,60,35,3,1.66,57,63
Sao Tome and Principe,STP,SSA,2016,46,62,3,0.93,44,47
Saudi Arabia,SAU,MENA,2016,46,62,5,7.54,33,58
Senegal,SEN,SSA,2016,45,64,8,2.63,40,49
Serbia,SRB,ECA,2016,42,72,7,3.69,36,48
Sierra Leone,SLE,SSA,2016,30,123,8,2.94,25,35
Singapore,SGP,AP,2016,84,7,8,2.35,81,88
Slovakia,SVK,WE/EU,2016,51,54,8,3.09,46,57
Slovenia,SVN,WE/EU,2016,61,31,10,2.44,57,65
Solomon Islands,SLB,AP,2016,42,72,3,3.34,36,47
Somalia,SOM,SSA,2016,10,176,5,2.98,5,15
South Africa,ZAF,SSA,2016,45,64,7,2.55,41,49
South Korea,KOR,AP,2016,53,52,9,2.33,49,57
South Sudan,SSD,SSA,2016,11,175,5,3.21,5,16
Spain,ESP,WE/EU,2016,58,41,7,4.09,51,65
Sri Lanka,LKA,AP,2016,36,95,7,1.64,34,39
Sudan,SDN,SSA,2016,14,170,7,2.99,9,19
Suriname,SUR,AME,2016,45,64,4,7.53,32,57
Sweden,SWE,WE/EU,2016,88,4,7,1.33,85,90
Switzerland,CHE,WE/EU,2016,86,5,6,1.57,83,89
Syria,SYR,MENA,2016,13,173,5,1.97,10,16
Taiwan,TWN,AP,2016,61,31,8,3.79,55,67
Tajikistan,TJK,ECA,2016,25,151,6,5.26,16,34
Tanzania,TZA,SSA,2016,32,116,9,1.84,29,35
Thailand,THA,AP,2016,35,101,9,2.44,31,39
Timor-Leste,TLS,AP,2016,35,101,3,5.97,25,44
Togo,TGO,SSA,2016,32,116,5,4.21,25,39
Trinidad and Tobago,TTO,AME,2016,35,101,5,2.48,31,39
Tunisia,TUN,MENA,2016,41,75,7,3.90,35,47
Turkey,TUR,ECA,2016,41,75,9,1.80,38,44
Turkmenistan,TKM,ECA,2016,22,154,4,1.32,20,24
Uganda,UGA,SSA,2016,25,151,9,2.24,22,29
Ukraine,UKR,ECA,2016,29,131,9,1.97,25,32
United Arab Emirates,ARE,MENA,2016,66,24,7,5.70,56,75
United Kingdom,GBR,WE/EU,2016,81,10,7,2.12,77,84
United States of America,USA,AME,2016,74,18,9,3.15,69,80
Uruguay,URY,AME,2016,71,21,6,2.68,66,75
Uzbekistan,UZB,ECA,2016,21,156,7,2.35,17,25
Venezuela,VEN,AME,2016,17,166,7,1.41,15,20
Vietnam,VNM,AP,2016,33,113,8,2.46,29,38
Yemen,YEM,MENA,2016,14,170,7,3.05,9,19
Zambia,ZMB,SSA,2016,38,87,9,2.91,34,43
Zimbabwe,ZWE,SSA,2016,22,154,9,2.59,18,26
Afghanistan,AFG,AP,2015,11,166,4,3.49,5,17
Albania,ALB,ECA,2015,36,88,7,3.58,30,42
Algeria,DZA,MENA,2015,36,88,5,1.85,33,39
Angola,AGO,SSA,2015,15,163,5,1.80,12,18
Argentina,ARG,AME,2015,32,106,7,1.84,29,35
Armenia,ARM,ECA,2015,35,95,5,2.98,30,40
Australia,AUS,AP,2015,79,13,8,1.50,77,81
Austria,AUT,WE/EU,2015,76,16,7,1.76,73,79
Azerbaijan,AZE,ECA,2015,29,119,6,3.25,24,34
Bahrain,BHR,MENA,2015,51,50,5,7.86,38,64
Bangladesh,BGD,AP,2015,25,139,7,4.30,18,32
Belarus,BLR,ECA,2015,32,106,6,4.37,25,39
Belgium,BEL,WE/EU,2015,77,15,7,1.34,75,79
Benin,BEN,SSA,2015,37,83,5,4.43,30,44
Bhutan,BTN,AP,2015,65,27,4,2.14,61,69
Bolivia,BOL,AME,2015,34,98,7,3.58,28,40
Bosnia and Herzegovina,BIH,ECA,2015,38,76,6,1.71,35,41
Botswana,BWA,SSA,2015,63,29,6,2.35,59,67
Brazil,BRA,AME,2015,38,76,7,5.29,29,47
Bulgaria,BGR,WE/EU,2015,41,69,9,2.43,37,45
Burkina Faso,BFA,SSA,2015,38,76,7,2.97,33,43
Burundi,BDI,SSA,2015,21,150,5,2.94,16,26
Cabo Verde,CPV,SSA,2015,55,40,4,6.16,45,65
Cambodia,KHM,AP,2015,21,150,7,3.87,15,27
Cameroon,CMR,SSA,2015,27,130,8,3.26,22,32
Canada,CAN,AME,2015,83,10,7,1.63,80,86
Central African Republic,CAF,SSA,2015,24,145,4,1.44,22,26
Chad,TCD,SSA,2015,22,147,5,2.35,18,26
Chile,CHL,AME,2015,70,23,8,2.15,66,74
China,CHN,AP,2015,37,83,8,2.34,33,41
Colombia,COL,AME,2015,37,83,7,1.94,34,40
Comoros,COM,SSA,2015,26,136,3,8.76,12,40
Congo,COG,SSA,2015,23,146,6,4.11,16,30
Costa Rica,CRI,AME,2015,55,40,6,2.71,51,59
Croatia,HRV,WE/EU,2015,51,50,9,2.02,48,54
Cuba,CUB,AME,2015,47,56,4,3.64,41,53
Cyprus,CYP,WE/EU,2015,61,32,5,4.17,54,68
Czechia,CZE,WE/EU,2015,56,38,9,2.21,52,60
Côte d'Ivoire,CIV,SSA,2015,32,106,8,2.65,28,36
Democratic Republic of the Congo,COD,SSA,2015,22,147,6,3.35,17,27
Denmark,DNK,WE/EU,2015,91,1,7,2.16,87,95
Djibouti,DJI,SSA,2015,34,98,3,9.07,19,49
Dominican Republic,DOM,AME,2015,33,102,6,2.63,29,37
Ecuador,ECU,AME,2015,32,106,6,2.86,27,37
Egypt,EGY,MENA,2015,36,88,6,2.47,32,40
El Salvador,SLV,AME,2015,39,72,6,2.26,35,43
Eritrea,ERI,SSA,2015,18,154,4,8.15,5,31
Estonia,EST,WE/EU,2015,70,23,9,2.79,65,75
Ethiopia,ETH,SSA,2015,33,102,8,2.73,29,37
Finland,FIN,WE/EU,2015,90,3,7,1.77,87,93
France,FRA,WE/EU,2015,70,23,7,2.49,66,74
Gabon,GAB,SSA,2015,34,98,4,1.65,31,37
Gambia,GMB,SSA,2015,28,123,5,6.67,17,39
Georgia,GEO,ECA,2015,52,48,5,6.53,41,63
Germany,DEU,WE/EU,2015,81,11,7,2.50,77,85
Ghana,GHA,SSA,2015,47,56,8,2.82,42,52
Greece,GRC,WE/EU,2015,46,58,7,5.08,38,54
Guatemala,GTM,AME,2015,28,123,6,3.46,22,34
Guinea,GIN,SSA,2015,25,139,6,3.16,20,30
Guinea-Bissau,GNB,SSA,2015,17,158,4,2.63,13,21
Guyana,GUY,AME,2015,29,119,4,3.01,24,34
Haiti,HTI,AME,2015,17,158,5,2.74,13,21
Honduras,HND,AME,2015,31,111,7,4.12,24,38
Hong Kong,HKG,AP,2015,75,18,7,2.48,71,79
Hungary,HUN,WE/EU,2015,51,50,9,3.73,45,57
Iceland,ISL,WE/EU,2015,79,13,5,4.53,72,86
India,IND,AP,2015,38,76,8,3.14,33,43
Indonesia,IDN,AP,2015,36,88,8,3.39,30,42
Iran,IRN,MENA,2015,27,130,6,3.28,22,32
Iraq,IRQ,MENA,2015,16,161,4,2.50,12,20
Ireland,IRL,WE/EU,2015,75,18,6,4.92,67,83
Israel,ISR,MENA,2015,61,32,6,2.78,56,66
Italy,ITA,WE/EU,2015,44,61,7,2.50,40,48
Jamaica,JAM,AME,2015,41,69,6,1.68,38,44
Japan,JPN,AP,2015,75,18,8,2.96,70,80
Jordan,JOR,MENA,2015,53,45,7,3.00,48,58
Kazakhstan,KAZ,ECA,2015,28,123,8,4.90,20,36
Kenya,KEN,SSA,2015,25,139,8,3.02,20,30
Kosovo,KSV,ECA,2015,33,102,3,2.19,29,37
Kuwait,KWT,MENA,2015,49,55,5,4.51,42,56
Kyrgyzstan,KGZ,ECA,2015,28,123,6,2.29,24,32
Laos,LAO,AP,2015,25,139,4,5.31,16,34
Latvia,LVA,WE/EU,2015,56,38,8,2.76,51,61
Lebanon,LBN,MENA,2015,28,123,6,3.22,23,33
Lesotho,LSO,SSA,2015,44,61,5,4.99,36,52
Liberia,LBR,SSA,2015,37,83,7,4.22,30,44
Libya,LBY,MENA,2015,16,161,5,3.18,11,21
Lithuania,LTU,WE/EU,2015,59,36,8,1.92,56,62
Luxembourg,LUX,WE/EU,2015,85,7,5,1.60,82,88
Madagascar,MDG,SSA,2015,28,123,7,2.99,23,33
Malawi,MWI,SSA,2015,31,111,8,2.41,27,35
Malaysia,MYS,AP,2015,50,54,8,3.00,45,55
Mali,MLI,SSA,2015,35,95,6,1.89,32,38
Malta,MLT,WE/EU,2015,60,34,4,1.32,58,62
Mauritania,MRT,SSA,2015,31,111,5,5.07,23,39
Mauritius,MUS,SSA,2015,53,45,4,1.49,51,55
Mexico,MEX,AME,2015,31,111,8,3.02,26,36
Moldova,MDA,ECA,2015,33,102,8,2.88,28,38
Mongolia,MNG,AP,2015,39,72,8,1.76,36,42
Montenegro,MNE,ECA,2015,44,61,4,4.87,36,52
Morocco,MAR,MENA,2015,36,88,6,3.85,30,42
Mozambique,MOZ,SSA,2015,31,111,7,1.97,28,34
Myanmar,MMR,AP,2015,22,147,7,2.82,17,27
Namibia,NAM,SSA,2015,53,45,5,2.75,48,58
Nepal,NPL,AP,2015,27,130,5,2.73,23,31
Netherlands,NLD,WE/EU,2015,84,9,7,1.98,81,87
New Zealand,NZL,AP,2015,91,1,7,2.32,87,95
Nicaragua,NIC,AME,2015,27,130,7,2.50,23,31
Niger,NER,SSA,2015,34,98,5,4.16,27,41
Nigeria,NGA,SSA,2015,26,136,8,2.24,22,30
North Korea,PRK,AP,2015,8,167,3,3.38,2,14
North Macedonia,MKD,ECA,2015,42,66,6,5.27,33,51
Norway,NOR,WE/EU,2015,88,5,7,2.24,84,92
Oman,OMN,MENA,2015,45,60,5,6.69,34,56
Pakistan,PAK,AP,2015,30,117,7,3.12,25,35
Panama,PAN,AME,2015,39,72,6,3.01,34,44
Papua New Guinea,PNG,AP,2015,25,139,5,4.22,18,32
Paraguay,PRY,AME,2015,27,130,5,2.85,22,32
Peru,PER,AME,2015,36,88,7,3.05,31,41
Philippines,PHL,AP,2015,35,95,8,1.92,32,38
Poland,POL,WE/EU,2015,63,29,9,2.59,59,67
Portugal,PRT,WE/EU,2015,64,28,7,2.50,60,68
Qatar,QAT,MENA,2015,71,22,6,6.63,60,82
Romania,ROU,WE/EU,2015,46,58,9,3.11,41,51
Russia,RUS,ECA,2015,29,119,8,2.52,25,33
Rwanda,RWA,SSA,2015,54,43,5,6.42,43,65
Sao Tome and Principe,STP,SSA,2015,42,66,3,5.00,34,50
Saudi Arabia,SAU,MENA,2015,52,48,5,7.03,40,64
Senegal,SEN,SSA,2015,44,61,8,2.61,40,48
Serbia,SRB,ECA,2015,40,71,7,3.90,34,46
Seychelles,SYC,SSA,2015,55,40,3,8.50,41,69
Sierra Leone,SLE,SSA,2015,29,119,8,3.44,23,35
Singapore,SGP,AP,2015,85,7,8,2.02,82,88
Slovakia,SVK,WE/EU,2015,51,50,8,3.63,45,57
Slovenia,SVN,WE/EU,2015,60,34,9,2.93,55,65
Somalia,SOM,SSA,2015,8,167,4,2.32,4,12
South Africa,ZAF,SSA,2015,44,61,7,2.61,40,48
South Korea,KOR,AP,2015,54,43,9,2.29,50,58
South Sudan,SSD,SSA,2015,15,163,3,1.45,13,17
Spain,ESP,WE/EU,2015,58,37,7,4.07,51,65
Sri Lanka,LKA,AP,2015,37,83,7,2.09,34,40
Sudan,SDN,SSA,2015,12,165,6,3.64,6,18
Suriname,SUR,AME,2015,36,88,3,3.21,31,41
Sweden,SWE,WE/EU,2015,89,4,7,1.71,86,92
Switzerland,CHE,WE/EU,2015,86,6,6,2.55,82,90
Syria,SYR,MENA,2015,18,154,4,5.66,9,27
Taiwan,TWN,AP,2015,62,31,7,3.78,56,68
Tajikistan,TJK,ECA,2015,26,136,5,7.36,14,38
Tanzania,TZA,SSA,2015,30,117,8,3.49,24,36
Thailand,THA,AP,2015,38,76,8,2.12,35,41
Timor-Leste,TLS,AP,2015,28,123,3,5.17,20,36
Togo,TGO,SSA,2015,32,106,5,3.04,27,37
Trinidad and Tobago,TTO,AME,2015,39,72,4,4.64,31,47
Tunisia,TUN,MENA,2015,38,76,6,2.17,34,42
Turkey,TUR,ECA,2015,42,66,8,2.02,39,45
Turkmenistan,TKM,ECA,2015,18,154,4,2.38,14,22
Uganda,UGA,SSA,2015,25,139,8,3.19,20,30
Ukraine,UKR,ECA,2015,27,130,8,1.93,24,30
United Arab Emirates,ARE,MENA,2015,70,23,7,5.07,62,78
United Kingdom,GBR,WE/EU,2015,81,11,7,2.40,77,85
United States of America,USA,AME,2015,76,16,8,3.47,70,82
Uruguay,URY,AME,2015,74,21,6,1.68,71,77
Uzbekistan,UZB,ECA,2015,19,153,6,2.71,15,23
Venezuela,VEN,AME,2015,17,158,7,2.64,13,21
Vietnam,VNM,AP,2015,31,111,8,2.56,27,35
Yemen,YEM,MENA,2015,18,154,6,2.66,14,22
Zambia,ZMB,SSA,2015,38,76,8,2.55,34,42
Zimbabwe,ZWE,SSA,2015,21,150,8,4.54,14,28
Afghanistan,AFG,AP,2014,12,172,4,1.29,10,14
Albania,ALB,ECA,2014,33,110,7,1.51,31,35
Algeria,DZA,MENA,2014,36,100,5,2.06,33,39
Angola,AGO,SSA,2014,19,161,6,1.71,16,22
Argentina,ARG,AME,2014,34,107,7,2.42,30,38
Armenia,ARM,ECA,2014,37,94,6,3.69,31,43
Australia,AUS,AP,2014,80,11,8,1.31,78,82
Austria,AUT,WE/EU,2014,72,23,7,3.49,66,78
Azerbaijan,AZE,ECA,2014,29,126,6,3.02,24,34
Bahamas,BHS,AME,2014,71,24,3,0.99,69,73
Bahrain,BHR,MENA,2014,49,55,5,6.11,39,59
Bangladesh,BGD,AP,2014,25,145,7,4.23,18,32
Barbados,BRB,AME,2014,74,17,3,8.09,61,87
Belarus,BLR,ECA,2014,31,119,5,4.04,24,38
Belgium,BEL,WE/EU,2014,76,15,7,2.26,72,80
Benin,BEN,SSA,2014,39,80,4,4.38,32,46
Bhutan,BTN,AP,2014,65,30,4,1.81,62,68
Bolivia,BOL,AME,2014,35,103,7,2.98,30,40
Bosnia and Herzegovina,BIH,ECA,2014,39,80,6,1.15,37,41
Botswana,BWA,SSA,2014,63,31,6,1.93,60,66
Brazil,BRA,AME,2014,43,69,7,4.01,36,50
Bulgaria,BGR,WE/EU,2014,43,69,9,2.82,38,48
Burkina Faso,BFA,SSA,2014,38,85,7,2.67,34,42
Burundi,BDI,SSA,2014,20,159,5,3.65,14,26
Cabo Verde,CPV,SSA,2014,57,43,4,5.94,47,67
Cambodia,KHM,AP,2014,21,156,7,2.25,17,25
Cameroon,CMR,SSA,2014,27,136,8,2.87,22,32
Canada,CAN,AME,2014,81,10,7,2.45,77,85
Central African Republic,CAF,SSA,2014,24,150,4,1.33,22,26
Chad,TCD,SSA,2014,22,154,5,2.95,17,27
Chile,CHL,AME,2014,73,21,8,1.74,70,76
China,CHN,AP,2014,36,100,8,2.17,32,40
Colombia,COL,AME,2014,37,94,7,1.68,34,40
Comoros,COM,SSA,2014,26,142,3,8.75,12,40
Congo,COG,SSA,2014,23,152,6,4.20,16,30
Costa Rica,CRI,AME,2014,54,48,5,4.07,47,61
Croatia,HRV,WE/EU,2014,48,61,9,3.25,43,53
Cuba,CUB,AME,2014,46,63,4,4.46,39,53
Cyprus,CYP,WE/EU,2014,63,31,5,3.92,57,69
Czechia,CZE,WE/EU,2014,51,53,9,2.94,46,56
Côte d'Ivoire,CIV,SSA,2014,32,115,8,4.20,25,39
Democratic Republic of the Congo,COD,SSA,2014,22,154,5,4.19,15,29
Denmark,DNK,WE/EU,2014,92,1,7,2.04,89,95
Djibouti,DJI,SSA,2014,34,107,3,9.10,19,49
Dominica,DMA,AME,2014,58,40,3,2.34,54,62
Dominican Republic,DOM,AME,2014,32,115,6,3.30,27,37
Ecuador,ECU,AME,2014,33,110,5,3.56,27,39
Egypt,EGY,MENA,2014,37,94,6,2.91,32,42
El Salvador,SLV,AME,2014,39,80,6,1.98,36,42
Eritrea,ERI,SSA,2014,18,166,4,7.91,5,31
Estonia,EST,WE/EU,2014,69,27,9,2.89,64,74
Eswatini,SWZ,SSA,2014,43,69,3,2.98,38,48
Ethiopia,ETH,SSA,2014,33,110,8,2.54,29,37
Finland,FIN,WE/EU,2014,89,3,7,2.05,86,92
France,FRA,WE/EU,2014,69,27,7,2.17,65,73
Gabon,GAB,SSA,2014,37,94,4,4.19,30,44
Gambia,GMB,SSA,2014,29,126,5,7.55,17,41
Georgia,GEO,ECA,2014,52,51,6,6.47,41,63
Germany,DEU,WE/EU,2014,79,12,7,2.58,75,83
Ghana,GHA,SSA,2014,48,61,8,3.01,43,53
Greece,GRC,WE/EU,2014,43,69,7,5.56,34,52
Guatemala,GTM,AME,2014,32,115,6,2.96,27,37
Guinea,GIN,SSA,2014,25,145,7,3.21,20,30
Guinea-Bissau,GNB,SSA,2014,19,161,4,2.37,15,23
Guyana,GUY,AME,2014,30,124,4,3.03,25,35
Haiti,HTI,AME,2014,19,161,5,2.86,14,24
Honduras,HND,AME,2014,29,126,6,3.49,23,35
Hong Kong,HKG,AP,2014,74,17,7,2.75,69,79
Hungary,HUN,WE/EU,2014,54,48,9,3.45,48,60
Iceland,ISL,WE/EU,2014,79,12,6,3.16,74,84
India,IND,AP,2014,38,85,9,2.27,34,42
Indonesia,IDN,AP,2014,34,107,8,3.57,28,40
Iran,IRN,MENA,2014,27,136,6,4.72,19,35
Iraq,IRQ,MENA,2014,16,170,4,2.37,12,20
Ireland,IRL,WE/EU,2014,74,17,6,4.75,66,82
Israel,ISR,MENA,2014,60,38,6,2.34,56,64
Italy,ITA,WE/EU,2014,43,69,7,2.26,39,47
Jamaica,JAM,AME,2014,38,85,6,1.80,35,41
Japan,JPN,AP,2014,76,15,8,3.16,71,81
Jordan,JOR,MENA,2014,49,55,7,2.87,44,54
Kazakhstan,KAZ,ECA,2014,29,126,8,4.40,22,36
Kenya,KEN,SSA,2014,25,145,8,2.98,20,30
Kosovo,KSV,ECA,2014,33,110,3,2.33,29,37
Kuwait,KWT,MENA,2014,44,67,5,5.24,35,53
Kyrgyzstan,KGZ,ECA,2014,27,136,6,2.35,23,31
Laos,LAO,AP,2014,25,145,4,3.80,19,31
Latvia,LVA,WE/EU,2014,55,44,8,3.35,50,60
Lebanon,LBN,MENA,2014,27,136,6,3.37,21,33
Lesotho,LSO,SSA,2014,49,55,5,3.55,43,55
Liberia,LBR,SSA,2014,37,94,6,3.09,32,42
Libya,LBY,MENA,2014,18,166,5,2.81,13,23
Lithuania,LTU,WE/EU,2014,58,40,8,3.85,52,64
Luxembourg,LUX,WE/EU,2014,82,9,6,2.78,77,87
Madagascar,MDG,SSA,2014,28,133,8,3.38,22,34
Malawi,MWI,SSA,2014,33,110,8,3.03,28,38
Malaysia,MYS,AP,2014,52,51,8,2.88,47,57
Mali,MLI,SSA,2014,32,115,6,3.37,26,38
Malta,MLT,WE/EU,2014,55,44,5,2.63,51,59
Mauritania,MRT,SSA,2014,30,124,5,4.23,23,37
Mauritius,MUS,SSA,2014,54,48,4,2.39,50,58
Mexico,MEX,AME,2014,35,103,8,1.66,32,38
Moldova,MDA,ECA,2014,35,103,8,2.70,31,39
Mongolia,MNG,AP,2014,39,80,7,2.13,36,42
Montenegro,MNE,ECA,2014,42,76,4,4.25,35,49
Morocco,MAR,MENA,2014,39,80,6,3.57,33,45
Mozambique,MOZ,SSA,2014,31,119,7,1.89,28,34
Myanmar,MMR,AP,2014,21,156,7,2.87,16,26
Namibia,NAM,SSA,2014,49,55,5,4.00,42,56
Nepal,NPL,AP,2014,29,126,5,2.20,25,33
Netherlands,NLD,WE/EU,2014,83,8,7,1.97,80,86
New Zealand,NZL,AP,2014,91,2,7,2.28,87,95
Nicaragua,NIC,AME,2014,28,133,7,2.03,25,31
Niger,NER,SSA,2014,35,103,5,3.99,28,42
Nigeria,NGA,SSA,2014,27,136,8,2.82,22,32
North Korea,PRK,AP,2014,8,174,3,3.35,3,13
North Macedonia,MKD,ECA,2014,45,64,6,5.92,35,55
Norway,NOR,WE/EU,2014,86,5,7,2.38,82,90
Oman,OMN,MENA,2014,45,64,5,6.55,34,56
Pakistan,PAK,AP,2014,29,126,7,3.24,24,34
Panama,PAN,AME,2014,37,94,6,3.49,31,43
Papua New Guinea,PNG,AP,2014,25,145,5,4.16,18,32
Paraguay,PRY,AME,2014,24,150,5,2.95,19,29
Peru,PER,AME,2014,38,85,7,2.63,34,42
Philippines,PHL,AP,2014,38,85,8,1.84,35,41
Poland,POL,WE/EU,2014,61,36,9,2.70,57,65
Portugal,PRT,WE/EU,2014,63,31,7,3.36,57,69
Puerto Rico,PRI,AME,2014,63,31,3,4.37,56,70
Qatar,QAT,MENA,2014,69,27,6,7.21,57,81
Romania,ROU,WE/EU,2014,43,69,9,3.60,37,49
Russia,RUS,ECA,2014,27,136,8,2.61,23,31
Rwanda,RWA,SSA,2014,49,55,4,3.23,44,54
Saint Lucia,LCA,AME,2014,71,24,3,0.84,70,72
Saint Vincent and the Grenadines,VCT,AME,2014,62,35,3,5.59,53,71
Sao Tome and Principe,STP,SSA,2014,42,76,3,5.05,34,50
Saudi Arabia,SAU,MENA,2014,49,55,5,6.69,38,60
Senegal,SEN,SSA,2014,43,69,8,2.28,39,47
Serbia,SRB,ECA,2014,41,78,7,2.92,36,46
Seychelles,SYC,SSA,2014,55,44,3,8.62,41,69
Sierra Leone,SLE,SSA,2014,31,119,8,2.30,27,35
Singapore,SGP,AP,2014,84,7,8,1.75,81,87
Slovakia,SVK,WE/EU,2014,50,54,8,4.07,43,57
Slovenia,SVN,WE/EU,2014,58,40,9,3.03,53,63
Somalia,SOM,SSA,2014,8,174,4,2.34,4,12
South Africa,ZAF,SSA,2014,44,67,7,2.41,40,48
South Korea,KOR,AP,2014,55,44,9,2.64,51,59
South Sudan,SSD,SSA,2014,15,171,3,2.35,11,19
Spain,ESP,WE/EU,2014,60,38,7,3.75,54,66
Sri Lanka,LKA,AP,2014,38,85,7,2.18,34,42
Sudan,SDN,SSA,2014,11,173,6,3.55,5,17
Suriname,SUR,AME,2014,36,100,3,3.25,31,41
Sweden,SWE,WE/EU,2014,87,4,7,3.41,81,93
Switzerland,CHE,WE/EU,2014,86,5,6,2.61,82,90
Syria,SYR,MENA,2014,20,159,4,5.31,11,29
Taiwan,TWN,AP,2014,61,36,7,4.17,54,68
Tajikistan,TJK,ECA,2014,23,152,5,5.32,14,32
Tanzania,TZA,SSA,2014,31,119,8,3.20,26,36
Thailand,THA,AP,2014,38,85,8,1.60,35,41
Timor-Leste,TLS,AP,2014,28,133,3,5.18,20,36
Togo,TGO,SSA,2014,29,126,5,3.69,23,35
Trinidad and Tobago,TTO,AME,2014,38,85,4,4.82,30,46
Tunisia,TUN,MENA,2014,40,79,6,1.72,37,43
Turkey,TUR,ECA,2014,45,64,8,2.69,41,49
Turkmenistan,TKM,ECA,2014,17,169,3,2.85,12,22
Uganda,UGA,SSA,2014,26,142,8,3.03,21,31
Ukraine,UKR,ECA,2014,26,142,8,1.64,23,29
United Arab Emirates,ARE,MENA,2014,70,26,7,5.14,62,78
United Kingdom,GBR,WE/EU,2014,78,14,7,2.09,75,81
United States of America,USA,AME,2014,74,17,8,3.74,68,80
Uruguay,URY,AME,2014,73,21,6,1.41,71,75
Uzbekistan,UZB,ECA,2014,18,166,6,2.54,14,22
Venezuela,VEN,AME,2014,19,161,7,1.69,16,22
Vietnam,VNM,AP,2014,31,119,8,2.55,27,35
Yemen,YEM,MENA,2014,19,161,6,2.37,15,23
Zambia,ZMB,SSA,2014,38,85,8,2.27,34,42
Zimbabwe,ZWE,SSA,2014,21,156,8,4.18,14,28
Afghanistan,AFG,AP,2013,8,175,3,3.30,3,13
Albania,ALB,ECA,2013,31,116,7,2.10,28,34
Algeria,DZA,MENA,2013,36,94,6,2.80,31,41
Angola,AGO,SSA,2013,23,153,7,2.80,18,28
Argentina,ARG,AME,2013,34,106,8,2.40,30,38
Armenia,ARM,ECA,2013,36,94,6,3.50,30,42
Australia,AUS,AP,2013,81,9,8,1.50,79,83
Austria,AUT,WE/EU,2013,69,26,8,3.20,64,74
Azerbaijan,AZE,ECA,2013,28,127,6,3.50,22,34
Bahamas,BHS,AME,2013,71,22,3,1.00,69,73
Bahrain,BHR,MENA,2013,48,57,5,5.40,39,57
Bangladesh,BGD,AP,2013,27,136,7,4.10,20,34
Barbados,BRB,AME,2013,75,15,3,7.10,63,87
Belarus,BLR,ECA,2013,29,123,5,4.00,22,36
Belgium,BEL,WE/EU,2013,75,15,7,2.30,71,79
Benin,BEN,SSA,2013,36,94,6,3.40,30,42
Bhutan,BTN,AP,2013,63,31,4,2.60,59,67
Bolivia,BOL,AME,2013,34,106,7,3.70,28,40
Bosnia and Herzegovina,BIH,ECA,2013,42,72,7,2.90,37,47
Botswana,BWA,SSA,2013,64,30,7,1.60,61,67
Brazil,BRA,AME,2013,42,72,8,3.70,36,48
Brunei Darussalam,BRN,AP,2013,60,38,3,10.40,43,77
Bulgaria,BGR,WE/EU,2013,41,77,9,3.30,36,46
Burkina Faso,BFA,SSA,2013,38,83,7,3.90,32,44
Burundi,BDI,SSA,2013,21,157,5,2.60,17,25
Cabo Verde,CPV,SSA,2013,58,41,4,4.80,50,66
Cambodia,KHM,AP,2013,20,160,7,3.00,15,25
Cameroon,CMR,SSA,2013,25,144,8,2.90,20,30
Canada,CAN,AME,2013,81,9,7,2.40,77,85
Central African Republic,CAF,SSA,2013,25,144,4,5.40,16,34
Chad,TCD,SSA,2013,19,163,5,3.80,13,25
Chile,CHL,AME,2013,71,22,9,1.80,68,74
China,CHN,AP,2013,40,80,9,2.90,35,45
Colombia,COL,AME,2013,36,94,7,2.00,33,39
Comoros,COM,SSA,2013,28,127,3,7.50,16,40
Congo,COG,SSA,2013,22,154,6,3.80,16,28
Costa Rica,CRI,AME,2013,53,49,5,4.10,46,60
Croatia,HRV,WE/EU,2013,48,57,9,3.30,43,53
Cuba,CUB,AME,2013,46,63,4,4.50,39,53
Cyprus,CYP,WE/EU,2013,63,31,5,3.90,57,69
Czechia,CZE,WE/EU,2013,48,57,10,3.00,43,53
Côte d'Ivoire,CIV,SSA,2013,27,136,8,2.30,23,31
Democratic Republic of the Congo,COD,SSA,2013,22,154,5,4.20,15,29
Denmark,DNK,WE/EU,2013,91,1,7,2.20,87,95
Djibouti,DJI,SSA,2013,36,94,3,8.60,22,50
Dominica,DMA,AME,2013,58,41,3,2.30,54,62
Dominican Republic,DOM,AME,2013,29,123,6,3.50,23,35
Ecuador,ECU,AME,2013,35,102,6,3.60,29,41
Egypt,EGY,MENA,2013,32,114,7,3.10,27,37
El Salvador,SLV,AME,2013,38,83,6,2.00,35,41
Equatorial Guinea,GNQ,SSA,2013,19,163,3,2.20,15,23
Eritrea,ERI,SSA,2013,20,160,4,11.00,2,38
Estonia,EST,WE/EU,2013,68,28,9,2.70,64,72
Eswatini,SWZ,SSA,2013,39,82,4,1.80,36,42
Ethiopia,ETH,SSA,2013,33,111,8,2.50,29,37
Finland,FIN,WE/EU,2013,89,3,7,1.70,86,92
France,FRA,WE/EU,2013,71,22,8,2.40,67,75
Gabon,GAB,SSA,2013,34,106,5,1.50,32,36
Gambia,GMB,SSA,2013,28,127,5,6.70,17,39
Georgia,GEO,ECA,2013,49,55,6,6.90,38,60
Germany,DEU,WE/EU,2013,78,12,8,2.40,74,82
Ghana,GHA,SSA,2013,46,63,9,3.30,41,51
Greece,GRC,WE/EU,2013,40,80,7,4.50,33,47
Guatemala,GTM,AME,2013,29,123,6,2.60,25,33
Guinea,GIN,SSA,2013,24,150,7,3.60,18,30
Guinea-Bissau,GNB,SSA,2013,19,163,4,2.40,15,23
Guyana,GUY,AME,2013,27,136,4,2.90,22,32
Haiti,HTI,AME,2013,19,163,5,3.10,14,24
Honduras,HND,AME,2013,26,140,6,2.50,22,30
Hong Kong,HKG,AP,2013,75,15,8,2.40,71,79
Hungary,HUN,WE/EU,2013,54,47,10,3.60,48,60
Iceland,ISL,WE/EU,2013,78,12,6,2.80,73,83
India,IND,AP,2013,36,94,10,2.20,32,40
Indonesia,IDN,AP,2013,32,114,9,3.50,26,38
Iran,IRN,MENA,2013,25,144,6,3.90,19,31
Iraq,IRQ,MENA,2013,16,171,4,2.40,12,20
Ireland,IRL,WE/EU,2013,72,21,6,4.20,65,79
Israel,ISR,MENA,2013,61,36,6,1.60,58,64
Italy,ITA,WE/EU,2013,43,69,7,2.50,39,47
Jamaica,JAM,AME,2013,38,83,6,1.80,35,41
Japan,JPN,AP,2013,74,18,9,2.40,70,78
Jordan,JOR,MENA,2013,45,66,7,2.40,41,49
Kazakhstan,KAZ,ECA,2013,26,140,8,3.30,21,31
Kenya,KEN,SSA,2013,27,136,8,2.70,23,31
Kosovo,KSV,ECA,2013,33,111,3,2.30,29,37
Kuwait,KWT,MENA,2013,43,69,5,3.90,37,49
Kyrgyzstan,KGZ,ECA,2013,24,150,6,2.30,20,28
Laos,LAO,AP,2013,26,140,4,5.00,18,34
Latvia,LVA,WE/EU,2013,53,49,8,3.60,47,59
Lebanon,LBN,MENA,2013,28,127,6,3.30,23,33
Lesotho,LSO,SSA,2013,49,55,5,3.60,43,55
Liberia,LBR,SSA,2013,38,83,7,3.30,33,43
Libya,LBY,MENA,2013,15,172,6,3.30,10,20
Lithuania,LTU,WE/EU,2013,57,43,8,3.80,51,63
Luxembourg,LUX,WE/EU,2013,80,11,6,2.90,75,85
Madagascar,MDG,SSA,2013,28,127,8,1.90,25,31
Malawi,MWI,SSA,2013,37,91,8,1.70,34,40
Malaysia,MYS,AP,2013,50,53,9,3.40,44,56
Mali,MLI,SSA,2013,28,127,6,3.30,23,33
Malta,MLT,WE/EU,2013,56,45,5,2.40,52,60
Mauritania,MRT,SSA,2013,30,119,5,4.10,23,37
Mauritius,MUS,SSA,2013,52,52,5,1.10,50,54
Mexico,MEX,AME,2013,34,106,9,1.80,31,37
Moldova,MDA,ECA,2013,35,102,8,2.80,30,40
Mongolia,MNG,AP,2013,38,83,7,2.20,34,42
Montenegro,MNE,ECA,2013,44,67,4,2.20,40,48
Morocco,MAR,MENA,2013,37,91,8,2.90,32,42
Mozambique,MOZ,SSA,2013,30,119,7,2.00,27,33
Myanmar,MMR,AP,2013,21,157,6,3.90,15,27
Namibia,NAM,SSA,2013,48,57,6,3.40,42,54
Nepal,NPL,AP,2013,31,116,5,1.40,29,33
Netherlands,NLD,WE/EU,2013,83,8,7,2.00,80,86
New Zealand,NZL,AP,2013,91,1,7,2.30,87,95
Nicaragua,NIC,AME,2013,28,127,7,2.40,24,32
Niger,NER,SSA,2013,34,106,5,3.70,28,40
Nigeria,NGA,SSA,2013,25,144,9,3.10,20,30
North Korea,PRK,AP,2013,8,175,3,3.40,2,14
North Macedonia,MKD,ECA,2013,44,67,6,5.00,36,52
Norway,NOR,WE/EU,2013,86,5,7,2.30,82,90
Oman,OMN,MENA,2013,47,61,5,7.80,34,60
Pakistan,PAK,AP,2013,28,127,8,3.00,23,33
Panama,PAN,AME,2013,35,102,6,2.20,31,39
Papua New Guinea,PNG,AP,2013,25,144,5,4.20,18,32
Paraguay,PRY,AME,2013,24,150,5,3.10,19,29
Peru,PER,AME,2013,38,83,7,2.50,34,42
Philippines,PHL,AP,2013,36,94,9,2.50,32,40
Poland,POL,WE/EU,2013,60,38,10,2.30,56,64
Portugal,PRT,WE/EU,2013,62,33,7,3.00,57,67
Puerto Rico,PRI,AME,2013,62,33,3,6.00,52,72
Qatar,QAT,MENA,2013,68,28,6,7.20,56,80
Romania,ROU,WE/EU,2013,43,69,9,3.00,38,48
Russia,RUS,ECA,2013,28,127,9,2.30,24,32
Rwanda,RWA,SSA,2013,53,49,5,5.70,44,62
Saint Lucia,LCA,AME,2013,71,22,3,0.80,70,72
Saint Vincent and the Grenadines,VCT,AME,2013,62,33,3,5.60,53,71
Sao Tome and Principe,STP,SSA,2013,42,72,3,5.00,34,50
Saudi Arabia,SAU,MENA,2013,46,63,5,6.70,35,57
Senegal,SEN,SSA,2013,41,77,9,1.50,39,43
Serbia,SRB,ECA,2013,42,72,7,3.40,36,48
Seychelles,SYC,SSA,2013,54,47,4,8.20,41,67
Sierra Leone,SLE,SSA,2013,30,119,8,2.40,26,34
Singapore,SGP,AP,2013,86,5,9,2.30,82,90
Slovakia,SVK,WE/EU,2013,47,61,8,4.70,39,55
Slovenia,SVN,WE/EU,2013,57,43,9,3.60,51,63
Somalia,SOM,SSA,2013,8,175,4,1.90,5,11
South Africa,ZAF,SSA,2013,42,72,9,2.80,37,47
South Korea,KOR,AP,2013,55,46,10,2.40,51,59
South Sudan,SSD,SSA,2013,14,173,3,1.60,11,17
Spain,ESP,WE/EU,2013,59,40,7,4.90,51,67
Sri Lanka,LKA,AP,2013,37,91,7,2.10,34,40
Sudan,SDN,SSA,2013,11,174,6,3.50,5,17
Suriname,SUR,AME,2013,36,94,3,3.20,31,41
Sweden,SWE,WE/EU,2013,89,3,7,2.30,85,93
Switzerland,CHE,WE/EU,2013,85,7,6,2.50,81,89
Syria,SYR,MENA,2013,17,168,4,3.80,11,23
Taiwan,TWN,AP,2013,61,36,7,4.30,54,68
Tajikistan,TJK,ECA,2013,22,154,5,3.80,16,28
Tanzania,TZA,SSA,2013,33,111,8,2.70,29,37
Thailand,THA,AP,2013,35,102,8,1.20,33,37
Timor-Leste,TLS,AP,2013,30,119,3,3.20,25,35
Togo,TGO,SSA,2013,29,123,5,3.70,23,35
Trinidad and Tobago,TTO,AME,2013,38,83,4,5.10,30,46
Tunisia,TUN,MENA,2013,41,77,7,1.90,38,44
Turkey,TUR,ECA,2013,50,53,9,2.40,46,54
Turkmenistan,TKM,ECA,2013,17,168,3,2.90,12,22
Uganda,UGA,SSA,2013,26,140,8,3.30,21,31
Ukraine,UKR,ECA,2013,25,144,8,1.70,22,28
United Arab Emirates,ARE,MENA,2013,69,26,7,4.70,61,77
United Kingdom,GBR,WE/EU,2013,76,14,8,1.30,74,78
United States of America,USA,AME,2013,73,19,9,4.00,66,80
Uruguay,URY,AME,2013,73,19,6,1.40,71,75
Uzbekistan,UZB,ECA,2013,17,168,6,2.00,14,20
Venezuela,VEN,AME,2013,20,160,7,2.30,16,24
Vietnam,VNM,AP,2013,31,116,8,2.60,27,35
Yemen,YEM,MENA,2013,18,167,6,2.60,14,22
Zambia,ZMB,SSA,2013,38,83,8,2.10,35,41
Zimbabwe,ZWE,SSA,2013,21,157,8,4.30,14,28
Afghanistan,AFG,AP,2012,8,174,3,3.30,2,13
Albania,ALB,ECA,2012,33,113,7,2.00,30,36
Algeria,DZA,MENA,2012,34,105,6,3.30,29,40
Angola,AGO,SSA,2012,22,157,7,1.80,20,25
Argentina,ARG,AME,2012,35,102,8,2.60,31,39
Armenia,ARM,ECA,2012,34,105,6,2.70,29,38
Australia,AUS,AP,2012,85,7,8,1.10,83,86
Austria,AUT,WE/EU,2012,69,25,8,2.40,65,73
Azerbaijan,AZE,ECA,2012,27,139,6,2.50,23,31
Bahamas,BHS,AME,2012,71,22,3,1.00,70,73
Bahrain,BHR,MENA,2012,51,53,5,4.10,44,58
Bangladesh,BGD,AP,2012,26,144,7,4.10,20,33
Barbados,BRB,AME,2012,76,15,3,6.70,65,87
Belarus,BLR,ECA,2012,31,123,5,3.60,25,37
Belgium,BEL,WE/EU,2012,75,16,7,2.40,71,78
Benin,BEN,SSA,2012,36,94,6,4.30,29,44
Bhutan,BTN,AP,2012,63,33,3,3.60,57,69
Bolivia,BOL,AME,2012,34,105,7,3.70,28,40
Bosnia and Herzegovina,BIH,ECA,2012,42,72,7,2.30,38,46
Botswana,BWA,SSA,2012,65,30,7,1.90,62,68
Brazil,BRA,AME,2012,43,69,8,3.30,38,49
Brunei Darussalam,BRN,AP,2012,55,46,3,9.10,40,70
Bulgaria,BGR,WE/EU,2012,41,75,8,3.80,35,47
Burkina Faso,BFA,SSA,2012,38,83,7,4.40,31,45
Burundi,BDI,SSA,2012,19,165,5,2.80,14,23
Cabo Verde,CPV,SSA,2012,60,39,4,3.80,54,67
Cambodia,KHM,AP,2012,22,157,7,3.10,17,27
Cameroon,CMR,SSA,2012,26,144,8,3.50,20,32
Canada,CAN,AME,2012,84,9,7,2.20,80,87
Central African Republic,CAF,SSA,2012,26,144,4,2.40,22,30
Chad,TCD,SSA,2012,19,165,5,2.50,15,23
Chile,CHL,AME,2012,72,20,9,2.10,69,76
China,CHN,AP,2012,39,80,9,2.90,34,43
Colombia,COL,AME,2012,36,94,7,2.60,32,40
Comoros,COM,SSA,2012,28,133,3,7.50,15,40
Congo,COG,SSA,2012,26,144,6,3.30,20,31
Costa Rica,CRI,AME,2012,54,48,5,7.00,43,66
Croatia,HRV,WE/EU,2012,46,62,8,3.10,41,51
Cuba,CUB,AME,2012,48,58,4,4.10,41,55
Cyprus,CYP,WE/EU,2012,66,29,4,2.40,63,70
Czechia,CZE,WE/EU,2012,49,54,10,2.90,44,53
Côte d'Ivoire,CIV,SSA,2012,29,130,8,2.40,25,33
Democratic Republic of the Congo,COD,SSA,2012,21,160,5,3.30,16,27
Denmark,DNK,WE/EU,2012,90,1,7,2.00,87,93
Djibouti,DJI,SSA,2012,36,94,3,8.60,22,50
Dominica,DMA,AME,2012,58,41,3,2.30,55,62
Dominican Republic,DOM,AME,2012,32,118,6,2.70,28,37
Ecuador,ECU,AME,2012,32,118,6,2.90,28,37
Egypt,EGY,MENA,2012,32,118,7,3.10,27,37
El Salvador,SLV,AME,2012,38,83,6,2.80,33,43
Equatorial Guinea,GNQ,SSA,2012,20,163,3,1.30,18,22
Eritrea,ERI,SSA,2012,25,150,4,9.20,10,40
Estonia,EST,WE/EU,2012,64,32,8,3.00,59,69
Eswatini,SWZ,SSA,2012,37,88,4,2.10,33,40
Ethiopia,ETH,SSA,2012,33,113,8,1.60,30,36
Finland,FIN,WE/EU,2012,90,1,7,3.00,85,95
France,FRA,WE/EU,2012,71,22,8,2.40,67,75
Gabon,GAB,SSA,2012,35,102,5,2.10,32,38
Gambia,GMB,SSA,2012,34,105,5,7.00,22,45
Georgia,GEO,ECA,2012,52,51,6,6.00,42,62
Germany,DEU,WE/EU,2012,79,13,8,2.30,75,83
Ghana,GHA,SSA,2012,45,64,9,3.80,39,51
Greece,GRC,WE/EU,2012,36,94,7,3.60,30,42
Guatemala,GTM,AME,2012,33,113,6,2.70,28,37
Guinea,GIN,SSA,2012,24,154,7,2.70,19,28
Guinea-Bissau,GNB,SSA,2012,25,150,4,2.10,22,29
Guyana,GUY,AME,2012,28,133,4,2.10,25,31
Haiti,HTI,AME,2012,19,165,5,2.80,14,23
Honduras,HND,AME,2012,28,133,6,2.40,24,32
Hong Kong,HKG,AP,2012,77,14,8,1.90,74,80
Hungary,HUN,WE/EU,2012,55,46,10,3.50,49,61
Iceland,ISL,WE/EU,2012,82,11,6,4.10,75,89
India,IND,AP,2012,36,94,10,2.10,33,40
Indonesia,IDN,AP,2012,32,118,9,2.90,27,37
Iran,IRN,MENA,2012,28,133,6,4.60,20,35
Iraq,IRQ,MENA,2012,18,169,4,2.30,14,22
Ireland,IRL,WE/EU,2012,69,25,6,3.50,64,75
Israel,ISR,MENA,2012,60,39,5,2.90,55,64
Italy,ITA,WE/EU,2012,42,72,7,2.40,38,46
Jamaica,JAM,AME,2012,38,83,6,2.20,35,42
Japan,JPN,AP,2012,74,17,9,2.30,70,78
Jordan,JOR,MENA,2012,48,58,7,3.10,43,54
Kazakhstan,KAZ,ECA,2012,28,133,8,4.10,21,35
Kenya,KEN,SSA,2012,27,139,8,2.20,24,31
Kosovo,KSV,ECA,2012,34,105,3,1.50,32,37
Kuwait,KWT,MENA,2012,44,66,5,3.90,37,50
Kyrgyzstan,KGZ,ECA,2012,24,154,6,1.80,21,27
Laos,LAO,AP,2012,21,160,3,1.30,19,23
Latvia,LVA,WE/EU,2012,49,54,6,4.00,42,55
Lebanon,LBN,MENA,2012,30,128,6,2.30,27,34
Lesotho,LSO,SSA,2012,45,64,5,4.60,38,53
Liberia,LBR,SSA,2012,41,75,7,3.90,35,47
Libya,LBY,MENA,2012,21,160,6,4.00,14,27
Lithuania,LTU,WE/EU,2012,54,48,7,5.30,45,63
Luxembourg,LUX,WE/EU,2012,80,12,6,2.80,75,85
Madagascar,MDG,SSA,2012,32,118,8,3.20,26,37
Malawi,MWI,SSA,2012,37,88,8,1.50,34,39
Malaysia,MYS,AP,2012,49,54,9,3.40,44,55
Mali,MLI,SSA,2012,34,105,6,4.00,27,40
Malta,MLT,WE/EU,2012,57,43,4,2.40,53,61
Mauritania,MRT,SSA,2012,31,123,5,3.50,25,36
Mauritius,MUS,SSA,2012,57,43,5,3.50,51,63
Mexico,MEX,AME,2012,34,105,9,1.70,31,37
Moldova,MDA,ECA,2012,36,94,8,2.60,31,40
Mongolia,MNG,AP,2012,36,94,7,2.60,32,40
Montenegro,MNE,ECA,2012,41,75,4,4.50,34,49
Morocco,MAR,MENA,2012,37,88,8,3.20,32,43
Mozambique,MOZ,SSA,2012,31,123,7,1.60,29,34
Myanmar,MMR,AP,2012,15,172,4,3.70,9,21
Namibia,NAM,SSA,2012,48,58,6,3.50,42,54
Nepal,NPL,AP,2012,27,139,5,2.40,23,31
Netherlands,NLD,WE/EU,2012,84,9,7,2.00,81,88
New Zealand,NZL,AP,2012,90,1,7,2.20,87,94
Nicaragua,NIC,AME,2012,29,130,7,2.10,26,32
Niger,NER,SSA,2012,33,113,5,3.10,28,38
Nigeria,NGA,SSA,2012,27,139,9,2.70,22,31
North Korea,PRK,AP,2012,8,174,3,3.40,2,13
North Macedonia,MKD,ECA,2012,43,69,6,4.70,35,51
Norway,NOR,WE/EU,2012,85,7,7,1.60,82,87
Oman,OMN,MENA,2012,47,61,5,7.60,35,60
Pakistan,PAK,AP,2012,27,139,8,2.30,23,31
Panama,PAN,AME,2012,38,83,6,3.10,33,44
Papua New Guinea,PNG,AP,2012,25,150,5,4.20,18,32
Paraguay,PRY,AME,2012,25,150,5,2.90,20,29
Peru,PER,AME,2012,38,83,7,2.10,35,42
Philippines,PHL,AP,2012,34,105,9,2.20,30,37
Poland,POL,WE/EU,2012,58,41,10,2.00,55,62
Portugal,PRT,WE/EU,2012,63,33,7,2.50,59,67
Puerto Rico,PRI,AME,2012,63,33,3,4.90,55,71
Qatar,QAT,MENA,2012,68,27,6,6.40,58,79
Romania,ROU,WE/EU,2012,44,66,8,3.70,38,50
Russia,RUS,ECA,2012,28,133,9,2.20,25,32
Rwanda,RWA,SSA,2012,53,50,5,6.30,42,63
Saint Lucia,LCA,AME,2012,71,22,3,0.80,70,73
Saint Vincent and the Grenadines,VCT,AME,2012,62,36,3,5.60,53,71
Sao Tome and Principe,STP,SSA,2012,42,72,3,5.00,34,50
Saudi Arabia,SAU,MENA,2012,44,66,5,6.40,34,55
Senegal,SEN,SSA,2012,36,94,9,1.80,33,39
Serbia,SRB,ECA,2012,39,80,7,2.60,35,44
Seychelles,SYC,SSA,2012,52,51,4,8.00,38,65
Sierra Leone,SLE,SSA,2012,31,123,8,1.90,28,34
Singapore,SGP,AP,2012,87,5,9,2.10,83,90
Slovakia,SVK,WE/EU,2012,46,62,8,4.30,39,53
Slovenia,SVN,WE/EU,2012,61,37,8,3.90,55,67
Somalia,SOM,SSA,2012,8,174,4,2.30,4,12
South Africa,ZAF,SSA,2012,43,69,9,2.50,39,48
South Korea,KOR,AP,2012,56,45,10,2.40,52,60
Spain,ESP,WE/EU,2012,65,30,7,2.90,60,69
Sri Lanka,LKA,AP,2012,40,79,7,1.30,38,42
Sudan,SDN,SSA,2012,13,173,6,2.90,8,17
Suriname,SUR,AME,2012,37,88,3,3.20,31,42
Sweden,SWE,WE/EU,2012,88,4,7,1.90,85,91
Switzerland,CHE,WE/EU,2012,86,6,6,2.60,81,90
Syria,SYR,MENA,2012,26,144,5,2.70,22,31
Taiwan,TWN,AP,2012,61,37,7,3.90,54,67
Tajikistan,TJK,ECA,2012,22,157,5,3.80,15,28
Tanzania,TZA,SSA,2012,35,102,8,2.10,31,38
Thailand,THA,AP,2012,37,88,8,1.60,34,40
Timor-Leste,TLS,AP,2012,33,113,3,5.60,23,42
Togo,TGO,SSA,2012,30,128,5,3.40,24,35
Trinidad and Tobago,TTO,AME,2012,39,80,4,4.50,32,47
Tunisia,TUN,MENA,2012,41,75,7,2.80,36,45
Turkey,TUR,ECA,2012,49,54,9,2.10,45,52
Turkmenistan,TKM,ECA,2012,17,170,3,2.90,12,22
Uganda,UGA,SSA,2012,29,130,8,2.20,25,32
Ukraine,UKR,ECA,2012,26,144,8,1.80,24,29
United Arab Emirates,ARE,MENA,2012,68,27,7,4.30,61,75
United Kingdom,GBR,WE/EU,2012,74,17,8,1.30,72,77
United States of America,USA,AME,2012,73,19,9,4.10,66,79
Uruguay,URY,AME,2012,72,20,6,1.50,70,75
Uzbekistan,UZB,ECA,2012,17,170,6,2.00,14,20
Venezuela,VEN,AME,2012,19,165,7,2.10,15,22
Vietnam,VNM,AP,2012,31,123,8,2.50,27,35
Yemen,YEM,MENA,2012,23,156,6,2.20,20,27
Zambia,ZMB,SSA,2012,37,88,8,3.10,32,42
Zimbabwe,ZWE,SSA,2012,20,163,8,4.30,12,27
